id,title,userID,length,total_activities
0,Μάθημα 2ο τελικό,1735,11,11
1,MOVES_1,1743,3,3
2,moodle assessment,3107,9,9
3,Αισθητήρες Arduino,1630,8,8
4,Road Safety LAMS,7187,7,7
5,Test_MHTRIKH_Papathanasiou,694,2,2
6,Friends,277,12,15
7,Epoxes_neo,1668,4,4
8,Probability Recap,7567,5,14
9,Η Άλωση της Τριπολιτσάς- Πολυδώρου Αγγελική,50,5,5
10,Learning to Learn,9,7,7
11,ΠΛΗΡΟΦΟΡΙΚΗ Γ ΓΥΜ 1.4 Υλοποίηση αλγορίθμού με ΗΥ - Προγραμματισμός v2,11,12,14
12,ΤΕΛΙΚΗ ΕΡΓΑΣΙΑ- Κυκλοφορικό σύστημα- ΚΑΡΑΓΙΑΝΝΗ,1512,11,11
13,Διαδίκτυο Α γυμνασίου,1071,5,5
14,Informatics_role_play_Template,7891,15,19
15,APPLICATIONS VR,13205,28,31
16,Πυθαγορειο,1604,3,3
17,Neuroscience - spinal cord injury FINAL,1033,30,32
18,How Good Are Sample Statistics,441,6,6
19,wonderful weather,5129,23,25
20,Ask2_2_Bouyias,1611,4,4
21,Aξιοποίηση έργων τέχνης στην εκπαίδευση 2017 v2,17473,29,31
22,Η γλώσσα Pascal,1417,9,9
23,AGX_Diktya_Ypologistikwn_Systhmatwn,7280,15,15
24,LAMS,1,22,30
25,PDHPE LAMS,6184,17,20
26,think-pair-share,8226,9,13
27,Excel-functions,88,6,6
28,Ενότητα Εγκέφαλος 1ο Μάθημα Γνωριμία με τον ανθρώπινο εγκέφαλο,1803,7,7
29,LALI-274 CALL Lecture 2,9,22,25
30,Creative writing lesson,6199,8,8
31,Λογικά Κυκλώματα,2006,4,4
32,Lesson 4,1,8,16
33,RV Solar System S3 2015,5465,13,20
34,hsie,3162,3,3
35,Οξέα,1481,3,3
36,Yvette Cormack- Telling the Time!,4971,8,8
37,43281826 Battle of Actium,7278,12,14
38,if_elif2,1658,6,9
39,Pompeii and Herculaneum,4764,14,34
40,1st LAMS,6500,11,13
41,Probabilities_GLykeioy_Spanos_Ioannis,695,6,9
42,epik,7881,10,14
43,EDUC261-Chinese Lesson,7524,9,9
44,Lesson  - WWII,5374,8,8
45,Δημητρίου Θωμάς - Scratch,43,8,8
46,Είδη_Προγραμματισμού,37,6,9
47,Citizenship_20160326,1611,13,17
48,Travel v2.2,2490,7,7
49,Lynda1,3053,14,16
50,Είδη_Προγραμματισμού_Γιαννούση,1470,7,10
51,ΧΑΛΑΖΙΑ ΑΝΔΡΙΑΝΗ 1,66,11,19
52,Year Eight Australian Poetry,1321,7,7
53,Οι 12 μήνες του χρόνου( τροποποίηση),1725,3,3
54,Preposition LAMS Sequence,2201,14,14
55,ergo  energeia ,4384,14,14
56,Διαγώνισμα Χημείας Γ Γυμν,13,2,2
57,MicroWorldsPro_ομαδοποίηση_Νικολακόπουλος,1067,10,10
58,LAMS Sequence - Celebrations,5753,7,7
59,LAMS ASSESSMENT EDUC261 Sources,7556,17,17
60,Business Studies Year 11 - 42482763 - Onika Jablonski,4817,5,5
61,Draft1,572,9,10
62,Citezenhip_xrixron,1744,17,21
63,Rocks,3107,10,10
64,maths stage 1 ,3121,11,11
65,Mensajero Urgente,11,7,7
66,paint,4360,6,12
67,Εισαγωγή στο E-mail,210,7,7
68,Hatshepsut,1355,12,12
69,embadonTrapeziou,3929,8,8
70,Lesson Plan Use Case for SIF Instructional Services discussion,14,3,3
71,dynami-6-Newton 3 law_english,10,7,7
72,LAMS Assignment,1327,9,14
73,LAMS Sequence Final,6150,12,16
74,6th grade - Unit 5 -  Travelling through time,1491,13,13
75,EDUC261 - 42471842 - Species Abundance And Distribution,5307,7,15
76,Βουνά_Ελλάδας_Μελάς,1588,2,2
77,ΑΞΙΟΛΟΓΗΣΗ ΟΔΥΣΣΕΙΑ,1070,1,1
78,Εποχές (2ο),1049,13,15
79,WEB2,2918,7,9
80,my assignment words vs pictures. what is more powerful,1723,6,6
81,constr_parabola,4373,5,5
82,Hardware,2219,18,20
83,ΚΑΛΟΒΡΕΚΤΗΣ ΛΟΓΙΚΕΣ ΠΥΛΕΣ,1508,5,5
84,tautotites_mitrousia,4414,7,10
85,malatou_FD8,4427,10,11
86,BlackDeathUpload,6377,9,19
87,First Fleet Role Play,539,16,16
88,Ελληνικά νησιά,1503,3,3
89,LibreOffice Impress_Rapti,696,5,8
90,Roman Republic LAMS,2129,7,13
91,IIW-course,14,30,36
92,Source Analysing - Lams Assessment,1432,11,17
93,project2013,14111,42,71
94,Empathy Lesson,2132,8,8
95,εποχές νέο (2),1472,8,8
96,Lindow man Lams assessment alex body,5906,12,16
97,Let's talk about music! (Introduction),4627,12,20
98,Οι ανακαλύψεις του 15ου αι [ Ιστορία Β΄ Λυκείου],1656,5,5
99,EDUC362- A Healthy Body,5851,15,23
100,3Step Interview,7880,5,5
101,Ορολογία της τεχνολογίας,1639,4,4
102,ΚΕΦΑΛΑΙΟ 1 ΑΛΓΕΒΡΑΣ Α΄ ΛΥΚΕΙΟΥ_Λιακόπουλος,1563,7,7
103,TASK 2 - LAMS Katherine Lu Chinese,5322,16,24
104,ennoia_algorithmou_programmatismo_ver2,4360,11,11
105,fractions and decimals,5318,11,11
106,wk 2 lams sq branching,6206,4,14
107,STEF,2126,19,19
108,Διατροφή -Αθανασιάδου,1416,3,3
109,Τα βουνά της Ελλάδας-Κωνσταντίνα Μπέρμπεη νέο,1608,3,3
110,ERGASIA1 GEORGIOU,4366,4,4
111,Τα μέρη του σώματος,1712,4,4
112,ergasia,1,32,37
113,FelicityWatson_Task2,5330,16,19
114,Ergasia 9_Europaikos Diafotismos_Asimakopoulou,4364,8,8
115,Εισαγωγή στο E-mail_Krikeli,1550,8,8
116,Το εσωτερικό του υπολογιστή(Cpu - Ram)-Σαρμονικά Ευτέρπη,1675,6,6
117,World War One Revision Alyse Cox,3126,6,6
118,LAMS SEQUENCE ASSIGNMENT,2188,10,10
119,ατομική εργασία,1,9,9
120,Ασφάλεια Διαδικτύου,1539,11,23
121,SimulaçãoIII (teste),11041,8,8
122,Wiederholung und Frühstück (Eleni Chatzoglou),1741,11,13
123,HLEKTRONIKO_TAXYDROMIO_ZAVITSANOU_MARIA,3923,14,18
124,Το εσωτερικό του Υπολογιστή No2,3787,5,5
125,Rainforests Stage 3,1284,11,11
126,ΕΡΓΑΣΙΑ 2,3787,6,12
127,Η ΦΥΣΙΚΗ ΑΓΩΓΗ ΣΤΗΝ ΑΡΧΑΙΑ ΕΛΛΑΔΑ,1061,8,11
128,Sistema Circulatorio Entrega Final,14838,18,20
129,Δημιουργία ταινίας,7,11,11
130,Choosing a business idea,2213,4,15
131,ΤΕΛΙΚΗ ΕΡΓΑΣΙΑ ΠΑΠΠΑΣ ΦΩΤΙΟΣ,1654,6,6
132,Haiku,3132,4,4
133,Romeo and Juliet,1596,8,12
134,Test aχiologisis_sep_ nvarsos,1042,1,1
135,Ευρώπη_ΣΤ' Τάξη,1721,8,8
136,Recovery,5860,27,35
137,ΟΙ ΘΕΟΙ ΤΟΥ ΟΛΥΜΠΟΥ,1987,8,8
138,K0102 The Race,9,16,16
139,Λίστα_2η_έκδοση,525,18,27
140,ΔΙΔΩ ΣΩΤΗΡΙΟΥ-Ταξίδι χωρίς επιστροφή,1646,7,7
141,Ακολουθίες _Α_Λυκείου_Μπουρσινού,1615,4,4
142,LAMS TASK,7269,8,14
143,secuencia10,1,10,10
144,Am I ready for a successful career in Tourism and Hospitality - Versió definitiva,5468,20,25
145,Μάθημα Φωτοσύνθεση-Αντεστραμμένη τάξη (Flipped classromm),2085,10,10
146,Task2 LAMS Sequence,4963,9,9
147,elearning_ergasia2_triantou,3527,9,20
148,senarioarxaiatelikiergasia,1727,15,15
149,Τα βουνά της Ελλάδας ν2 - Χατζοπούλου,1742,3,3
150,MicroWorldsPro_3_νγωνο_κύκλος,3800,7,7
151,lams_teliko,1485,13,13
152,Εισαγωγή στον Αντικειμενοστρεφή Προγραμματισμό - Φακάρου -τελική,1728,11,15
153,ΤΕΛΙΚΗ ΕΡΓΑΣΙΑ ΤΑΝΤΖΟΠΟΥΛΟΥ ΣΟΦΙΑ ΤΡΟΠΟΠΟΙΗΜΕΝΗ,1476,7,7
154,test,1460,4,4
155,Ports of PC,13,3,3
156,Leaves,3154,13,13
157,diafimisi,9,30,31
158,Food Chain- John Duncan,4767,8,8
159,LDSE POE template,22,19,19
160,LAMS Lesson Plan - Task 2 - Draft,5375,16,20
161,διαφοροποιημένη άσκηση MicroWorldsPro,1067,4,6
162,Recycling-Χριστίνα Σταυράκη,1689,6,6
163,Ergasia 8 video_Valkanikoi Polemoi_Asimakopoulou,4364,5,5
164,Τα χαρακτηριστικά του πληθυσμού της Ευρώπης,1660,10,12
165,Πώς να κάνετε μια παρουσίαση στο powerpoint,1,9,11
166,glwssikos_daneismos_koufou,4421,8,12
167,Inside PC,13,3,3
168,Citizenship_29012014_1,1582,12,16
169,GMF-role-play,10,8,18
170,ΑΘΗΝΑ ΚΑΙ ΑΤΛΑΝΤΙΔΑ ( ATHENS AND  ATLANTIS ),4371,12,15
171,Αξιολόγηση στο Υλικό Υπολογιστή,1060,2,2
172,my lams final copy1,5524,7,7
173,Natural Disasters,5404,9,22
174,Πάσα με Δάκτυλα,4417,10,10
175,English - Billy Elliot,6197,8,8
176,Παραγοντοποίηση_Πλώτα,62,15,15
177,What is a rainforest,2164,1,1
178,Adverbs of frequency,45,8,24
179,Maths lesson - number patterns,3075,14,16
180,Η Ευρωπαϊκή Ένωση και οι σχέσεις των κρατών της,1528,9,11
181,Reading Comprehension Stage 1 41830806,3084,17,19
182,Chat Demo,64,2,4
183,investment sequence,589,10,10
184,ΔΙΚΤΥΑ ΥΠΟΛΟΓΙΣΤΩΝ,1565,9,11
185,IWBs,182,6,9
186,ctz-mk,1549,13,17
187,Individual Assignment LAMS Sequence,5397,8,20
188,LAMS sequence assgment,1301,12,14
189,4. Δημιουργία κατηγοριών στο Joomla! 2.5,8,4,4
190,Lams assignment sequence 3 ,7526,8,8
191,YDROGONANURAKES,4366,8,10
192,Excel-formula,88,16,20
193,S.ELDERTON LAMS ASSESSMENT,5474,18,18
194,Pericles LAMS Sequence,5926,8,10
195,Το αναπνευστικό σύστημα - Γούναρης,1478,10,10
196,DAILY LIFE,1466,6,6
197,sir edmund barton,3081,8,10
198,Alice's adventures in Wonderland,3191,13,13
199,Instructionist Local Template,2811,5,5
200,K0306 Food for Thought,9,13,13
201,EDUC261 LAMS,7289,9,9
202,Emma Higgs History yr 9,1712,8,8
203,EDUC261 Task 2 LAMS Lesson Alexander Mitchell ,5782,12,13
204,EDUC261- Safe Living- 42880092 ,5344,9,9
205,Ergonomics_High_School_A_Class_En_v1,10,14,14
206,history ,7250,12,15
207,Συμφωνική Ορχήστρα,1627,11,11
208,relieve_peninsula_iberica,49,9,9
209,Εφαρμογές Πολυμέσων,1487,4,4
210,Efarmoges_pliroforikis_Kef9_Internet_v1,1591,12,15
211,LAMS SeqFinal,5781,9,9
212,The Weather,1466,6,8
213,Bulllying LAMS 261,6196,13,22
214,LAMS sequence English,7121,13,15
215,kanonika polygona,1450,10,10
216,ΦΔ9_TALANTZI,3929,8,8
217,Scratch!,5095,12,16
218,dia-de-los-muertos sequence ready! ,1087,12,21
219,Days of significance in Australia,7493,5,14
220,Τα βουνά της Ελλάδας ν2-Καραποναρλίδου Μαρία,1516,3,3
221,Project Fairytale,4968,11,24
222,pe assignment,5939,13,13
223,Υπολογιστικά φύλλα stop,3800,13,13
224,Misconceptions about the types of software_template_new,8137,8,8
225,Land Degradation LAMS community,2174,30,35
226,Lams sequence- Geography - Urban Places- World and Mega Cities,3200,17,17
227,Scratch Lesson 4,55,4,4
228,Deigmatiki,4,8,8
229,Ergasia 9 _ Marathonas _ Barla,4371,14,14
230,TA BOYNA THΣ ΕΛΛΑΔΑΣ,1553,3,3
231,web-Dilemma-Antartica,4550,11,13
232,Mediterranean Sea GR v2,1587,11,12
233,Απόκριες στην Ελλάδα,1495,4,4
234,ηλιοπροστασία,1498,12,12
235,Global Warming,5517,14,14
236,μάθημα 6ο,1735,6,7
237,Καρδιά-τροποποιημένο,1569,11,11
238,Excel-format-print,88,11,11
239,Prepositions - Tigka,1708,9,9
240,citizenship_pennya,1440,7,7
241,Ηλεκτρικό ρεύμα - Μπεζαΐτη Βασιλική,1621,4,4
242,Understanding Film Techniques in RJ,3201,11,11
243,SYNTHESI ATMOSFAIRAS PSAROPOYLOS TELIKH,1747,14,14
244,workshop_WK3_TOliver_14.03.2012,4753,10,13
245,Προστασία Λογισμικού - Ιοί  v1.1,4363,6,9
246,Ηλώσεις,1434,5,5
247,Ζ-ΘΕ-ΑΕΠΠ-ΕΜΦΩΛΕΥΜΕΝΗ ΕΠΙΛΟΓΗ,81,3,5
248,Multimedia_Picture_Graphics,7280,14,14
249,AuspoliticsLam,5408,7,9
250,POE-Hammer and Feather,5,7,7
251,POE - Generic Template,10,7,7
252,Τα βουνά της Ελλάδαςν2_Σοφία Αργυροπούλου,1436,3,3
253,ΕφΠληΑΛυκ_Κεφ6_v.02,1,9,17
254,ΔΙΚΤΥΑ ΥΠΟΛΟΓΙΣΤΩΝ,1024,8,10
255,Ταξίδι στις χώρες της Αφρικής,1464,6,6
256,Bullying,5869,4,13
257,Δημιουργία ταινίας,1975,12,12
258,ΤΑΛΑΝΤΩΣΕΙΣ,347,9,9
259,Τα ποτάμια της Ελλάδας,1624,4,4
260,Κίνδυνοι στο facebook,1599,9,9
261,1.1. Hardware,16396,17,17
262,EDUC362 Assignment 2 ,5974,8,10
263,Αρχή του Pascal,4384,9,9
264,Stage 2 HSIE Cooperating Communities,1323,10,12
265,mcq _ gate test,8,3,3
266,Health Choices,7218,10,12
267,PBL - Why is the Sky Blue,10,10,10
268,grupo-todos,1,28,28
269,test epoxes,1049,2,2
270,Η ναυμαχία της Σαλαμίνας_τροποποιημένη,1704,5,5
271,python3,525,8,8
272,ASSIGNMENT 1 - LAMS SEQUENCE Kilisitina Vaitaiki,5142,26,30
273,Τα ζώα του δάσους ,1501,12,14
274,Simple Role Play-InteractiveWhiteboards_16072010_1,172,10,16
275,Lams Assignment 1 ,5535,6,6
276,test_istoria-valari,1442,3,3
277,Στερεά-v2,1420,22,24
278,H_dimokratia_Vlachos,1046,5,7
279,VALVERDE-MONICA,50,11,11
280,Grigorios Diamantis telikh ergasia,1489,9,9
281,Με τη ματιά των παιχνιδιών...,1518,4,6
282,TEST,1068,1,1
283,Ν.ΓΛΩΣΣΑ Γ΄ ΓΥΜΝ.ΚΕΦ. 3 ΡΑΤΣΙΣΜΟΣ (ΔΙΑΦΟΡΟΠΟΙΗΜΕΝΗ ΔΙΔΑΣΚΑΛΙΑ) ΣΤΑΜΑΤΙΑ ΜΑΡΙΕΤΤΗ,1077,6,10
284,1ο Μάθημα σε AppInventor,1728,4,4
285,ergasia_2_Paoyrhs Antonios,4449,5,5
286,Δομή επανάληψης Όσο - Κ Κατσαρός,4369,6,6
287,Μάθημα Κλιματική Αλλαγή v2 (ΠΕ04),11,13,13
288,greeklish_3_final,4421,10,12
289,LRCSupported_Final,9,15,15
290,Είδη Τριγώνων _Andresakis,1469,9,9
291,Preparing for your presentation,131,11,11
292,Η ΚΥΡΑ_ΣΑΡΑΚΟΣΤΗ_iraklis,1604,3,3
293,Element_ compounds_mixtures,3065,22,24
294,mastoraki_giannaki_eppaik2010a1_ergasia_kai_anergia,1090,14,55
295,Citizenship,1456,18,22
296,test,75,10,20
297,my first lesson ,15444,4,4
298,stibos_2_final_1,1,10,10
299,Σεισμική και ηφαιστειακή δράση,1735,4,4
300,Κλιματική αλλαγή,9,15,19
301,Εργασία_1_Πεφάνης_26122012_2,3796,7,7
302,ΕΜΕΙΣ ΚΑΙ ΟΙ ΑΛΛΟΙ,2578,9,9
303,K0304 The Powerboat,9,14,14
304,Ήπια καιρικά φαινόμενα,1977,19,21
305,Wiederholung_Schulsachen_Papadimitriou Soultana,1638,8,8
306,K0105 Detective Sophie,9,14,14
307,Ιστορία Τέχνης – 17ος αιώνας ,1392,17,17
308,To dig or not to dig,7252,11,21
309,Αξιολόγηση στο Υλικό Υπολογιστή,1522,4,4
310,Citizenship_29012014_1,1478,13,17
311,HTML Sequence,7318,17,19
312,Εκπαιδευτική Ρομποτική,1,12,12
313,Εργονομία,1593,9,9
314,Θ-ΘΕ-ΑΕΠΠ-ΕΠΑΝΑΛΗΨΗ-ΓΙΑ..ΜΈΧΡΙ-ΜΕΧΡΙΣ_ΟΤΟΥ,81,3,5
315,Πυκνότητα,1481,16,16
316,Year 6 (Stage 3) Mathematics,6508,9,13
317,Metanasteysi- kef.12,1560,8,10
318,Συμπίεση Εικόνας - JPEG ( Ψηφιακή Επεξεργασία Εικόνας ),7863,9,9
319,LAMS FINAL,5302,14,16
320,Geogebra,8,1,1
321,K0101 The Thunderbolt Kids,9,14,14
322,Τελική εργασία Π.Θ Μάρη,1586,7,7
323,Υπέροχος καιρός-Μαργαρίτη,1585,20,22
324,Τελική εργασία- Η έννοια και η λειτουργία της αγοράς - Α.Ο.Θ Γ΄Λυκείου - Ρούσσου Αναστασία,1671,12,12
325,Κειμενογράφος - Μορφοποίηση κειμένου (word processing) v 1.3,1696,7,7
326,K0307 Chemistry Man,9,14,14
327,Factual Descriptions for Stage 3,4961,8,19
328,Εργο- Κινητική Ενέργεια-Δυναμική Ενέργεια,1481,15,15
329,Καβάφης2,1444,7,7
330,prostasia_ypologiston_ioi,4357,8,14
331,LALI-274 CALL Lecture 1,9,15,17
332,Maths_Solomos,4359,9,12
333,LAMS assingment_02042009_1,1347,16,18
334,Lams Assessment 20084714 Elizabeth Kuriype,1598,9,13
335,ΖΩΑ  ΣΕ ΧΕΙΜΕΡΙΑ ΝΑΡΚΗ,1451,3,3
336,TELIKH-KONTOGIANNH-EFRAMOGES-PLHROFORIKHS,1534,8,8
337,basketball,9,33,33
338,English Class,7203,10,13
339,Απόκριες στην Ελλάδα,1549,5,5
340,project2,506,10,10
341,EDUC261 Lams,5948,10,14
342,Διά..λογοι στο μουσείο!,1585,10,10
343,Kef2_(2.4.2)Domi Epilogis,16378,8,8
344,Πληκτρολόγιο - Ποντίκι και Τυφλό Σύστημα,11,13,16
345,Βασικές Εργασίες με Μονοδιάστατους Πίνακες I  v3- Καραπάνος Κώστας,58,13,20
346,python2,525,8,8
347,quizQ5,335,3,3
348,Learning Design,9,14,16
349,Παράδειγμα Σύγχρονης Συζήτησης - Υποβολής Εργασίας,11,6,6
350,Pathogens,5958,13,13
351,Ασφάλεια στο Διαδίκτυο,1524,9,9
352,Ενσύρματα-Ασύρματα μέσα Μετάδοσης,3788,14,18
353,InExHardDisks-2_AgelosTitis,8,6,8
354,eidizoon,1460,9,9
355,pes632_ergasia01_kathod,7849,12,12
356,Template,8184,15,21
357,Learn-Lams (Epimorfosi B epipedou - Vasilis Drimtzias),6833,12,21
358,Αλληλόμορφα γονίδια_Παρασκευή Πούλου,72,16,18
359,THOM310 Sample,490,10,10
360,persuasivewritinglesson,5434,14,23
361,jigsaw,1,7,11
362,Λατινικά - Τροποποίηση ,1733,5,5
363,Gene Medicine_LAMS2011,1389,17,28
364,Past Perfect,1689,7,7
365,Ubuntu Lams Moodle,3787,3,3
366,Oceanography,1306,9,11
367,med ed portal-endometrium and cervix,211,5,5
368,Ρατσισμός -τελική εργασία- Παπαποστόλου Δανάη,1651,9,9
369,Metric_Relations_in_a_Right_Triangle,4373,6,8
370,Ergonomics-En_v4_A_Class_High_School,26,17,21
371,Διαδικτυακό Μουσείο,1975,26,26
372,K0207 The Volcano,9,14,14
373,ΣΕΠ Γ΄ΓΥΜΝΑΣΙΟΥ,1061,11,13
374,Δίκτυα Υπολογιστών (από 4.1 έως 4.4 Γυμνασίου),1696,4,4
375,Year 11 - Studies of Religion - Homosexuality,1599,10,12
376,ΤΕΣΤ ΑΓΩΓΗ 2,1424,3,3
377,ANGUERA-MOISES,50,13,13
378,ΑΣΚΗΣΗ1,347,4,4
379,Kef2_(2.1)Logismiko Systimatos-Efarmogwn,16378,11,11
380,kavafis2_koufou,4421,18,18
381,Διαδοχική εκκίνηση τριφασικών κινητήρων ,1069,7,7
382,Google Gadgets Examples,8,4,4
383,K0302 The Trial,9,14,14
384,Ασφάλεια στο Διαδίκτυο - Ιδιωτικότητα,3349,12,13
385,Ο_Χρυσός_Αιώνας,1076,6,6
386,Τα βουνά της Ελλάδας- Διαμάντω Σκεπετάρη,1681,2,2
387,4 P's of Marketing,4956,14,17
388,LAMS Sequence Task 2 - Michael Yip 44638868,7348,9,13
389,Discourse,2221,7,9
390,Year 8 Maths,5319,9,21
391,Magdalinou_E1_16PES632,1393,14,18
392,Αρχαία ελληνική τέχνη,1682,3,3
393,ΕΦ1.1_Μαθιουδακης,1573,4,6
394,καβαφης_ΜπούραΒ,1613,3,3
395,Το χαρούμενο λιβάδι,1664,5,5
396,Η πρώτη μου ακολουθία-ΠελέκηΒ,1661,3,3
397,EIRHNH GEVRGIOY FYLLO DRASTHRIOTHTAS 5,3941,7,7
398,Uncommon commonalities,1,6,8
399,Developing Scenario Learning templates - 2x2 Branching,295,9,21
400,Peak-Oil_Webber_Mark,33,11,18
401,Bloom's Taxonomy with ppt,12,16,16
402,Twitter Today,6166,11,13
403,Ηφαίστεια - Σεισμοί_Καρπούζα,1520,3,3
404,English Techniques,6320,10,12
405,ΕΙΔΗ ΠΟΛΙΤΕΥΜΑΤΟΣ - THΟMAS DIMITRIOU - ΤΡΟΠΟΠΟΙΗΣΗ ΠΑΝΑΓΙΩΤΗ ΠΑΡΑΣΚΕΥΟΠΟΥΛΟΥ,1655,13,13
406,ΠΡΟΓΡΑΜΜΑΤΙΣΜΟΣ PLC ΜΕ ΓΛΩΣΣΑ LADDER,1448,5,5
407,K0104 The River of Dreams,9,13,13
408,Role Play-Interactive Whiteboards,10,12,18
409,ΤΕΛΙΚΗ ΕΡΓΑΣΙΑ,1713,14,14
410,MicroWorldsPro_3_νγωνο_κύκλος_Aivazoglou,3932,12,12
411,POE-Hammer and Feather,9,7,7
412,ΑΠΟΤΑΜΙΕΥΣΗ__ΚΑΤΑΘΕΣΕΙΣ_ΔΑΝΕΙΣΜΟΣ_ΠΟΛ_ΠΑΙΔΕΙΑ_ΚΕΦ_11_Α_ΛΥΚΕΙΟΥ,1643,9,9
413,HMClamsassignment,2181,7,9
414,Bethsheba42145171-task2 ,5807,11,13
415,X-rays,1530,12,14
416,Καρδιά και άθληση-Τσετίνη Αθηνά,1720,7,7
417,μαθημα 5 τελικό,1735,27,27
418,Δομή επιλογής (ΑΕΠΠ),3915,5,5
419,Road Saftey Lesson,6398,8,8
420,Μουσικό μάθημα,1577,4,4
421,δοκιμή-νεοελληνική μουσική,1627,4,4
422,Visual Arts Lesson (Stage 3),5946,11,25
423,Glossa_3_gymnasiou-GF-ΓΡΑΨΕ-ΔΙΑΒΑΣΕ,88,2,2
424,Άσκηση 2.2. Δημιουργία ακολουθίας1,1708,4,4
425,Enzymes!,2215,9,11
426,Stage 2 - Creating a Character,7072,9,9
427,digital_image_16032016_1_17032016_1,1,17,19
428,Ιστορία Τέχνης  ενότητες 1έως 6,1392,16,16
429,TA ΚΛΑΣΜΑΤΑ - ΚΩΛΕΤΤΗ,1553,3,3
430,Καλή πρακτική Εμείς και οι άλλοι,2578,19,24
431,SEE 4.1,11206,22,25
432,Hardware_Φλέσσας,1732,3,3
433,Ο ΕΓΩΙΣΤΗΣ ΓΙΓΑΝΤΑΣ - ΕΥΑΓΓΕΛΙΑ ΓΚΟΥΓΚΑΡΑ,1476,9,9
434,ΙΣΟΤΗΤΑ ΤΡΙΓΩΝΩΝ,4414,8,8
435,La folie Tecktonik_Galani Maria-Eleftheria,1453,6,6
436,EDUC261 - Rainforests - Jaclyn Dominey,4768,15,26
437,Πυκνωτές_1.1,1598,12,12
438,LAMENGL9,6172,9,9
439,SimplePresent diakladosh_Xygka,1056,4,8
440,ΦΕ8-Γριβοπούλου Αγγελική,3788,5,5
441,termodynamikh1,347,4,4
442,Διαγώνισμα Δίκτυα Ι 1ου τετραμήνου,3,13,13
443,PBL_Acropoli of Athens,7865,9,9
444,LAMS Sequence Assessment,3074,12,13
445,Cells and their functions,7248,12,12
446,Cells,1275,13,19
447,Oloi isoi,1737,18,30
448,final_noxos,1622,9,9
449,ΑΝΤΙΒΕΝΙΖΕΛΙΚΑ_ΑΡΙΣΤΕΡΑ_ΚΟΜΜΑΤΑ_ΙΣΤΟΡΙΑ_Γ_ΛΥΚΕΙΟΥ_ΣΕΡΕΜΕΤΑΚΗΣ_ΤΕΛΙΚΟ,1677,11,11
450,Παγκόσμιος Ιστός,1071,5,7
451,Periodic Table of Elements_N.K.Stamatis,4374,6,6
452,Οι Ανακαλύψεις(Ιστορία Β΄Λυκείου),1572,3,3
453,SMattersFinalLAMS,3071,13,14
454,Brigitte Glover's EDUC261 LAMS sequence PDHPE Stage 3,3144,7,7
455,python_tutorial,10,15,16
456,Εισαγωγή στα Λογικά Ακολουθιακά Κυκλώματα - Μανταλωτές,1751,7,7
457,WebDilemma blended_13052010_1,172,11,13
458,LAMS assignment Draft,7092,13,17
459,Τα βουνά της Ελλάδας νέο-Κόλλιας,1529,3,3
460,Smoking- Silent Killer,1267,10,10
461,EDUC261 Task 2,5908,10,13
462,healthy eating ,5836,13,19
463,weather,5882,11,18
464,Draft,3092,12,14
465,ανακύκλωση υλικών,1654,9,11
466,ZAZ SCENARIO JE VEUX,1510,7,7
467,Reading for Understanding,9,7,7
468,Υλικό Υπολογιστών,5,4,4
469,Περιφερειακές συσκευές,1524,3,3
470,LAMS sequence PDHPE,6168,12,14
471,Μορφές_πολιτεύματος_v2,43,15,18
472,theoiolympou,1664,6,6
473,Ο κύκλος του νερού (2),1721,7,7
474,ΤΣΕΧΩΦ,27,16,18
475,ask2.2,1479,5,5
476,ΓΡΑΦΗΜΑ_ΠΑΠΑΣΠΥΡΛΙΩΤΗ v2,1846,9,9
477,oligolepto test,1051,2,2
478,2.2 - Το τραγούδι της φάλαινας,1528,5,5
479,Logo Μάθημα 1,11,18,18
480,variables_in_Python_Noxos,116,14,14
481,ΑΣΚΗΣΗ 2.2 ΒΙΝΙΕΡΗΣ ΔΗΜΟΣΘΕΝΗΣ,1448,5,5
482,Periodic Table -Final,1550,12,14
483,Template blended learning ,1386,13,15
484,13. Αντίγραφα ασφαλείας με το Akeeba Backup,8,6,6
485,LAMS ,7222,11,11
486,Dedomena_Athanitis_Skiada (Data),3792,6,8
487,Multimedia Kef3 B' Gym part 1 kai 4,1060,4,4
488,Stubbs_N_EDUC261_LAMS,7333,15,15
489,patterns,3164,12,12
490,Assessment- LAMS Sequence,6371,14,49
491,The United Kingdom - English 5th Grade,1499,10,10
492,Educ261_Lams_Ass_Creative_Writing,5409,11,43
493,Περιοδικά_φαινόμενα_Ταλαντώσεις,1423,9,9
494,7. Προχωρημένη μορφοποίηση άρθρων στο Joomla! 2.5,8,14,14
495,kindy art,6525,17,17
496,ΚΑΛΥΨΩ,1070,12,12
497,englishlamssequence,7217,10,12
498,Γωνίες - Α΄ Γυμνασίου (new),1610,12,18
499,Natural Disasters - LAMS Sequence,4826,13,13
500,Primary English Lesson - LAMS Assessment (41726898),2143,13,19
501,The Black Death- By Paige Kelly ID- 42115647,3193,11,11
502,εντολή επαναλαβε v2,1054,5,12
503,present simple 3rd person,1617,3,3
504,Turkish sentence,9,6,6
505,Askisi2_2_Suggrafi_LAMS_akolouthias,1490,5,5
506,Η-ΘΕ-ΑΕΠΠ-ΕΠΑΝΑΛΗΨΗ-ΟΣΟ,81,3,5
507,εφ2.2Σοφία Χαριτοπούλου,1740,3,3
508,PERFEKT 1,803,13,21
509,Μαραθώνας 2,555,11,11
510,AssignmentLams,1,13,13
511,ΟΙ ΘΕΟΙ ΤΟΥ ΟΛΥΜΠΟΥ,1664,3,3
512,Assessment Task 2,3118,9,9
513,LAMS ASSIGNMENT (WW1),1717,8,16
514,Glwsses Programmatismou,4365,12,14
515,LD-LR_02042013_1,1,10,24
516,ΚΑΒΑΦΗΣ,469,9,9
517,MikrasiatikosPolemos_Tripsianos_version2gamvrouli_emploutismeno,1454,4,4
518,Ψηφιακός Κόσμος-Κατσή,1522,10,10
519,Data,1601,13,15
520,VIDEO GEORGIOY,4366,5,5
521,MikrasiatikosPolemos_Tripsianos,1074,4,4
522,K0301 The Last Straw,9,12,12
523,thefinale,248,16,16
524,lams bra,5947,11,11
525,The Moon,5383,9,12
526,Άσκηση 2.2. Δημιουργία ακολουθίας1,1706,4,4
527,copia di Viaggio in Spagna con raggruppamento,22,4,4
528,Drama Lesson Year Nine - assignment 1,3098,8,8
529,1-1_ΕΙΣΑΓΩΓΗ ΣΤΟ LAMS_Τι είναι το LAMS-GR_03-12-2008_7,9,10,10
530,O aksonas kai h peristrofi tis gis1,1489,7,7
531,Genesand DNA 42021081,5384,10,12
532,SDDclass,2120,12,16
533,Glenn Bennett - World Heritage sites,2499,14,17
534,Βασικες Ενοιες της Πληροφορικής με βιντεο,4352,6,6
535,six_thinking_huts,1,18,20
536,Δομή Επιλογής (Απλή και Σύνθετη)- Θεωρία,1,5,21
537,asfaleia_internet,2222,19,19
538,paraboli_Andresakis,1425,10,10
539,noor asma iffah zakaria_reading and learning ethics,238,10,10
540,hardware_1,4358,6,6
541,Citizenship -Πελέκη,1661,11,11
542,FLIPPED LESSON-Comparatives of Adjectives-6th grade Greek Primary School,52,11,13
543,InExHardDisks_AgelosTitis,8,5,5
544,ΦΕ1-ΘΕΡΜΟΔΥΝΑΜΙΚΗ Β ΛΥΚΕΙΟΥ,4383,6,6
545,Videojuegos como recurso educativo,493,11,19
546,Rubidium reactivity,1435,14,16
547,ΥΔΡΟΣΤΑΤΙΚΗ ΠΙΕΣΗ,4384,11,11
548,stibos_04_final_04062016_2,1,13,13
549,PERFEKT 3,803,5,43
550,Unit Capacity,1426,2,2
551,Άσκηση2_Κραββαρίτης11,1073,8,8
552,Τα βουνά της Ελλάδας _v2 - Γαμβρουλή,1454,3,3
553,Τριγωνομετρία 1,77,4,4
554,Sea_accidents 2,10,7,7
555,ΔΙΑΤΡΟΦΗ ΑΠΙΣΧΝΑΣΗ ΠΑΧΥΣΑΡΚΙΑ,1551,6,6
556,Φρούτα_Γιολδάση,1472,3,3
557,Project,7319,10,10
558,εργασια10,5,10,10
559,Cognitivist Local Template 2,2811,5,5
560,Ηλεκτρονικό Εμπόριο - Τελική - Λυμαράκη Φωτεινή,1570,13,13
561,Infinitive - Gerund,1542,7,7
562,1-grupo,1,22,22
563,ΓνωριμίαΔιαδίκτυο,4354,11,11
564,SECUENCIA 1 (GIMP),32,11,16
565,vectors1,5475,9,9
566,NetLogo example,506,2,2
567,Excel-introduction,88,9,9
568,Θερμότητα Στ δημοτικού Θανάσης Παλάνης,1628,4,4
569,"ΧΡΗΜΑ ΚΑΙ ΤΡΑΠΕΖΕΣ - Πολιτική Παιδεία Α΄Λυκείου, τελική εργασία",1698,12,12
570,Road Safety,2562,10,10
571,ΛΑΤΙΝΙΚΑ Γ ΛΥΚΕΙΟΥ ΤΡΟΠΟΠΟΊΗΣΗ ΑΘΑΝΑΣΟΥΛΑ,1418,5,5
572,Paired annotations,1,7,11
573,6th Grade - Unit 6 - Travelling through time,1491,12,12
574,Unit Capacity,140,2,2
575,χρυσός αιώνας,1737,10,10
576,Acropoli_Webquest_team,7845,12,26
577,Open Questions Template - 4Qs variation,14,7,7
578, 7.3.8 Μεταφραστές,1875,5,5
579,modhistHSC,3090,13,13
580,eating healthy,37,16,16
581,Εισαγωγή στις Μηχανικές Ταλαντώσεις,4530,12,12
582,English (Advanced) LAMS Lesson,5477,15,16
583,Άσκηση 2.2,1630,3,3
584,LAMS ass Jap ,3135,8,10
585,LAMS Sequence,7502,8,13
586,ΓΡΗΓΟΡΗΣ ΑΥΞΕΝΤΙΟΥ ,2578,17,17
587,Peak Oil:Fiction or Catastrophe?,50,19,23
588,intro,1658,8,10
589,the_time_in_Greek,506,8,8
590,kaznztis_ergasia_8,4368,5,5
591,GIL-ENRIC,50,14,14
592,networklesson,1716,10,10
593,Citizenship_29012014_1,1046,17,21
594,Γράμμα δ_Μπουκομάνη,1049,4,4
595,STRUCTURE OF VERB GROUP,2198,10,25
596,Citizenship_29012014_1,1430,17,21
597,Zarghona's LAMS sequence,1441,10,12
598,Πτηνά της Αθήνας2,1519,11,11
599,Lesson 1 - What Is LAMS,1,5,5
600,Η_ταυτότητα_του_χάρτη_κλίμακα_ΤζήκαςΣ,1704,6,6
601,superhero,5501,12,12
602,MicroWorldsPro_1,3800,6,6
603,Μορφές - Μετατροπές ενέργειας,1423,8,8
604,Treffen 6 y 7,399,12,14
605,brendan weller- LEGAL STUDIES,2565,12,12
606,natalie_williams_LAMS_assessment,5401,22,24
607,Κατηγορίες Λογισμικού_Πασιαλή_Τελική εργασία,1657,7,7
608,Γραφήματα Στηλών,1034,6,9
609,LAMS-assessment2,5811,10,10
610,citizenship_noxos,1622,15,19
611,Εισαγωγή στο Ηλεκτρονικό Ταχυδρομείο,3801,7,10
612,Treffen 1,399,5,5
613,ΤΟ ΗΛΙΑΚΟ ΜΑΣ ΣΥΤΣΗΜΑ - ΤΡΟΠΟΠΟΙΗΣΗ,1424,6,8
614,ergasia_2_Varras_Pantelis,4350,9,11
615,Data measurement,140,3,3
616,Τα νησιά της Ελλάδος Σοφία Αργυροπούλου,1436,6,6
617,LAMS!,1290,6,10
618,Τα βουνά της Ελλάδος ν2-Δάφνη Μπασέλα,1600,3,3
619,Healthy Living,5440,9,25
620,Νεοελληνική Γλώσσα  Γ΄ Γυμνασίου κεφ. 3 φυλετικός ρατσισμός Σταματία Μαριεττή,1077,6,6
621,LAMS Sequence- Comprehension Task,1316,7,9
622,H Akropoli tis Klassikis Athinas,1560,5,5
623,Α-ΘΕ-Πρόβλημα Ι-ΙΙ,81,5,5
624,Διαδίκτυο Ασφαλώς,1471,10,10
625,Τελική Εργασία_ Καραδήμου Μαρία,1513,18,22
626,LAMs Assignment,6295,12,15
627,Μάθημα Κλιματική Αλλαγή v3 ,2,13,13
628,BETSOPOULOS_TELIKH,1447,9,9
629,giannousi_teliki ergasia,1470,5,5
630,ΝΟΜΟΣ ΤΟΥ ΩΜ,1603,11,11
631,Είδη τριγώνων - Αλαμπορινός Σπύρος,1420,3,3
632,my lams,1,15,45
633,ΙΣΤΟΡΙΑ_Α΄_ΓΥΜΝΑΣΙΟΥ_ΑΠΟΙΚΙΣΜΟΣ_ΤΡΟΠΟΠΟΙΗΜΕΝΟ_ΣΕΡΕΜΕΤΑΚΗΣ,1677,8,8
634,ΕΡΓΟΝΟΜΙΑ ΣΑΡΜΟΝΙΚΑ ΕΥΤΕΡΠΗ,1675,4,4
635,EDUC261 LAMS sequence lesson 42474604,5793,8,8
636,Educ261 Assignment 2 ,5463,10,20
637,stibos_01_final,1,9,9
638,ΗΛΙΑΚΟ ΣΥΣΤΗΜΑ-ΚΟΛΛΙΑΣ,1529,6,6
639,koinoniki_kai_Politiki_Agogi_Vlachos,1046,4,4
640,LAMS gender,1715,11,13
641,Hardware,88,8,9
642,Earth and it's Surroundings final LAMS,5389,10,10
643,Τα προσωπικά δεδομένα της Κικής και της Κοκό,1426,11,11
644,Information Report Stage2 M.Awad,5328,4,6
645,Γεια σου χαρά σου Βενετιά-Γλώσσα  Γ΄Δημοτικού-Γιάγκα Βασιλική,1465,8,8
646,STAD,1,8,8
647,Έλεγχος τροφοδοτικού,55,2,2
648,Επιπτώσεις_από_την_μόλυνση_του_νερού_Ευθυμίου_Ευάγγελος,1497,4,4
649,ΕΡΓΟ-ΕΝΕΡΓΕΙΑ Β΄  ΓΥΜΝ. ΚΑΙ Α΄ ΛΥΚΕΙΟΥ,4383,13,13
650,Τα βουνά της Ελλάδας v2 - Ανδριόπουλος,1426,3,3
651,Game maker,3930,12,14
652,WordProcessing1_Rapti,696,8,8
653,To taxidi tis trofis_teliki ergasia,506,4,4
654,powerpoint,15001,10,13
655,Η ναυμαχία της Σαλαμίνας,1704,4,4
656,T. Kelly- Classification,7154,16,23
657,python1,525,9,11
658,ΚΑΒΑΦΗΣ_13022013_3 ΜΠΕΚΟΥΛΗ ,4355,11,11
659,Glossa_3_gymnasiou-GF-GIA,88,9,9
660,Βιολογία Α ΓΥΜ  2.1 Φωτοσύνθεση (v6) Flipped Classroom ,7,18,21
661,Κυκλώματα σε σειρά και παράλληλα v3,35,14,15
662,GLO-example,5,1,1
663,test epoxes diakladosi,1049,4,6
664,WebQuest_template,1,10,21
665,EDUC362- Recaping The Body,5851,10,16
666,ΚΡΟΥΣΕΙΣ ΧΡΙΣΤΟΔΟΥΛΟΥ,1743,5,5
667,LAMS Assignment,4756,6,10
668,Ξενοφώντος Ελληνικά,1595,14,19
669,Road safety ,4731,10,20
670,Sara Longley The Lion the Witch and The Wardrobe chapter six,7120,8,16
671,Άσκηση 2.2 - Μπουντέκας,1612,3,3
672,Κινητική Ενέργεια,1456,10,10
673,My_Template,15898,17,20
674,ΙΣΟΤΗΣ ΕΜΕΙΣ ΚΑΙ ΟΙ ΑΛΛΟΙ,2578,17,20
675,Ενότητα Εγκέφαλος 1ο Μάθημα Γνωριμία με τον ανθρώπινο εγκέφαλο (vs2),1803,7,7
676,ResearchBasedThinking,1061,12,12
677,Ομάδες τροφών Μπάτσιου τελική ,1602,9,9
678,Wheeler Lachlan 43717594,7575,9,9
679,earth and sun,7164,14,16
680,environmental health,1072,11,13
681,Stage 2: Chance,5970,17,38
682,if_elif1,1658,8,32
683,LAMS First Draft,5870,16,19
684,Preparing for your presentation (safer FLV VERSION),131,11,11
685,Time to learn Moodle2013,4550,18,22
686,ΒΑΣΙΚΕΣ ΕΝΝΟΙΕΣ ΤΕχνολογία Β' ,259,9,13
687,Treffen 4 y 5,399,11,13
688,HTML_tutorial,1611,8,8
689,Assessment - LAMS,6164,8,18
690,LAMS Task,5332,12,33
691,Assignment two EDUC261,2237,8,8
692,Citizenship_Κατσή,1522,17,21
693,Excel_Ασκηση_Ερευνας,88,5,5
694,ΕΥΘΥΜΙΟΥ- ΠΟΥΛΟΥ,3800,6,8
695,pH τελική εργασία Κυριλή,1439,6,6
696,Web Opac Advanced,9,7,7
697,akoloythia_mathima9_papageorgiou,1034,10,11
698,Your Amazing Brain,9,10,10
699,εργασία με video,1034,5,5
700,ΗΛΕΚΤΡΙΚΕΣ ΜΗΧΑΝΕΣ - ΜΕΤΑΣΧΗΜΑΤΙΣΤΕΣ_09032011_2,9874,30,30
701,roundtable_final,8137,7,9
702,Citizenship_29012014_1,1603,13,17
703,ΟΙ ΕΙΚΟΝΟΓΡΑΦΙΚΕΣ ΖΩΝΕΣ,1424,8,8
704,Kef1_(1.1)Ypologistiko Systima,16378,11,11
705,Statistics_Spanos_Ioannis,695,10,10
706,Citizenship_K.Vrontinou,1451,16,20
707,Εισαγωγή στο Ελεύθερο Λογισμικό,1,15,22
708,EDUC261 LAMS Assessment 2,5966,15,21
709,Lesson on Sengoku Jidai,5329,14,16
710,Μαθαίνω τα χρώματα,1609,12,14
711,Transport Sequence Lesson,5480,20,20
712,Tα ποτάμια της Ελλάδας,1725,3,3
713,Πρόσωπα στην Πληροφορική,1622,6,6
714,1st italian sequence,16846,7,7
715,ΜΙΚΡΟΥΠΟΛΟΓΙΣΤΗΣ ΑΥΤΟΚΙΝΗΤΟΥ,1621,5,5
716,LAMS maths demonstation,2203,17,26
717,Είδη Τριγώνων (Α Γυμνασίου),10,11,11
718,alycerogers lams sequence,1305,8,19
719,WordPress,1565,10,10
720,ergasia2_tragoulias george,3899,8,10
721,ανακύκλωση,4565,11,13
722,K0108 Trapped,9,12,12
723,Maths Shapes Lesson,6375,10,15
724,vaneng,15006,10,10
725,stg 4 geometry lams assignment,7407,11,11
726,Lams Asignment,5861,13,22
727,Οδύσσεια ραψωδία α στίχοι 109-173 - Πόθου (ΑΠ. ΒΕΤΣΟΠΟΥΛΟΣ τροποποιημένη),1447,7,7
728,Communication 9.5.4,15348,13,15
729,template_miktis_stratigikis,1,12,27
730,lams sonnet,235,17,21
731,Τα Βουνά της Ελλάδας-Τηγάνης - νέο,1707,3,3
732,Ταξινόμηση (Εφ. Πληρ. Α ΛΥΚΕΙΟΥ),10,9,9
733,Software - Λογισμικό,5137,7,7
734,SimplePresent diakladosh_Xygka-ΤΡΟΠΟΠΟΙΗΣΗ,1467,5,9
735,LINUX-LAMS,1,8,8
736,polynomials_equations,4423,9,12
737,twtwb,7120,1,1
738,Υλικό και λογισμικό υπολογιστή,1593,8,8
739,TutankhamenLAMsSequence,4757,14,14
740,11. Χρήστες στο Joomla! 2.5,8,9,9
741,PDHPE - EDUC261 - Greg Nelson,5346,15,31
742,OPV V1,172,4,4
743,Test στα παραλληλόγραμμα-Λιακόπουλος,1563,4,4
744,Educ261 sequence HSC Economics GDP,7100,9,13
745,Developing Scenario Learning template,295,13,13
746,Εφαρμογές Πολυμέσων,1571,5,5
747,Σχολικός Εκφοβισμός-Νάκου,1616,9,9
748,Malatou_teliki,4427,6,8
749,"HSIE Stage 2 ENS2.5 Cities, built and natural features.",3138,14,27
750,κοντόση-τριανταφυλλιδης,3790,6,8
751,lam,1328,9,11
752,one_minute_paper_example,7855,3,3
753,environmentalissue-ioannou,4452,5,5
754,GERM-101 Lectures 1-3,1631,7,7
755,Η ΠΕΡΙΠΕΤΕΙΑ ΤΗΣ ΑΝΔΡΟΜΕΔΑΣ ΛΑΤΙΝΙΚΑ,1422,7,7
756,Spanish Stage5 reflexive verbs,1336,16,17
757,Αξιολόγηση στο Λογισμικό - Τροποποίηση,1570,5,5
758,papanikolaou,117,9,11
759,The Solar System,3157,17,17
760,Περιφερειακές Συσκευές,1732,5,5
761,Chemcial Properties of DNA,7195,12,18
762,sound writer,5128,21,25
763,My favourite hero,1491,9,9
764,Society and Culture Preliminary Course ,2151,9,11
765,Μάθημα 3ο τελικό,1735,13,13
766,Καραγκιόζης,1647,7,7
767,Acropoli_Webquest_Template,7845,9,23
768,Μαθαίνοντας τον Μυκηναϊκό Πολιτισμό,1507,11,11
769,ΓΕΩΜΕΤΡΙΑ - ΓΙΑΝΝΟΚΩΣΤΑΣ ΦΩΤΗΣ,1469,3,3
770,Kritirio gia oligolepti epanaliptiki dokimasia ston Mikrasiatiko polemo,1074,1,1
771,English Grammar,3195,11,11
772,polimesa_ergasia1_triantou,3527,7,7
773,Ο_Χρυσός_Αιώνας,1744,6,6
774,Su Park LAMS HSIE,6326,8,28
775,Τελική Εργασία - Σημαντικά Πρόσωπα στην Πληροφορική,3789,6,6
776,Αξιολόγηση στο Λογισμικό,1060,2,2
777,μέτρηση pH,1390,11,11
778,healthy food,1276,12,14
779,secuencia11,1,6,6
780,Α_τάξη_κεφ12_ΠαγκόσμιοςΙστος_Υπερκείμενο,16053,5,7
781,LAMS,7513,14,16
782,ΧΡΗΜΑ-ΤΡΑΠΕΖΕΣ,1579,3,3
783,Assessment,7245,15,15
784,Arthur Fabik Fractions Decimals and Percentages Sequence,2182,13,20
785,K0204 The Balloon Bet,9,13,13
786,LAMS Authoring Principles,10,1,1
787,Scratch Lesson 3,55,4,4
788,ΑΣΚΗΣΗ 2  ΔΟΥΛΑΒΕΡΗ ΠΑΝΑΓΙΩΤΑ       ,1068,4,4
789,stibos_03_final,1,12,12
790,Αρχαϊκή εποχή,1737,4,4
791,The Respiratory System,2124,9,15
792,ACTIVE APPLICATION,3430,9,14
793,Plagiarism module Buisman_18062013_1,14973,6,6
794,Συμπεριφορά καταναλωτή.,1671,5,5
795,Forum Demo,1,1,1
796,Ενότητα Εγκέφαλος 2ο Μάθημα Επιδράσεις στη λειτουργία του εγκεφάλου (vs2),1803,8,8
797,Citizenship Κόλλιας,1529,13,17
798,hardware pc,16483,9,9
799,Το Υλικό του υπολογιστή - Δελιοπουλου Μαρία,1484,5,5
800,deneme son,7515,6,6
801,Mediterranean Sea v1,35,10,10
802,Lesson 1,1,10,10
803,Το Νησί του Θησαυρού 2 - Scratch,1375,6,6
804,Citizenship_29012014_1,1466,13,17
805,ΦΕ_Ζώα1,1050,2,2
806,Food Chain Sequence,1431,11,13
807,LAMsequence-circuits,4792,11,16
808,Διαχείριση Αποβλήτων,1606,13,16
809,For-Merliaountas,1591,9,9
810,Sxediasmos project pe,4424,8,12
811,Δίκτυα Υπολογιστών Αλεξανδρής,1968,6,6
812,Γλώσσα - Χρήση Επιθέτων στον αφηγηματικό λόγο,4006,10,11
813,Super Hero Assessment,11,4,4
814,Hardware - Central Unit,3792,15,15
815,Final Moon lesson,5504,8,8
816,XHMIKH ISORROPIA_CHEMICAL EQUILIBRIUM,4374,8,10
817,ΤΕΧΝΟΛΟΓΙΑ ΕΠΙΚΟΙΝΩΝΙΩΝ - ΤΡΙΑΝΤΑΦΥΛΛΙΔΗΣ,3790,7,7
818,Αρχή του Pascal-διορ,1739,8,8
819,Α-K3_(v2) Εργονομία ΕΡΓΑΣΤΗΡΙΟ,11,15,17
820,A CHAPTER 02 (Υλικό του υπολογιστή),10,8,8
821,Das Oktoberfest in München,1631,11,11
822,enallakt_ennies,10,9,9
823,Η Φιλική Εταιρεία,1600,4,4
824,ΖΩΑ  ΑΘΑΝΑΣΙΑΔΟΥ επεξεργασμενο από της Μπάτσιου,1416,3,3
825,theoiolympou,1505,9,9
826,Test digital-analog,1054,2,2
827,Οι θεοί του Ολύμπου- Λουκοπούλου,1567,4,4
828,Hatshepsut's Building Programs,2147,17,17
829,Εισαγωγή στο GreenFoot,1487,9,11
830,Τα βουνά της Ελλάδας v2_Χαλατσά,1736,3,3
831,Υλικό Επεξεργαστής και μνήμη,1430,5,5
832,Visiting english speaking cities Gaitanidou,1452,9,9
833,Ελεύθεροι Πολιορκημένοι - Δ. Σολωμός,1444,9,9
834,LAMS Task - Sarita and Bronwyn,5400,10,12
835,Bali - Week 1,3110,8,10
836,Atomiko_A_13042014_1,7850,15,16
837,Κλίμα,4577,11,13
838,Το τέλος του Ηρακλή - Τηγάνης Βασίλης ,1707,4,4
839,Understanding Loops in Scratch - Geronatsios Spyridon,1459,11,11
840,Πληροφορία - Πληροφορική,88,11,13
841,Parabola's and Hyperbola's,3127,19,19
842,Αθηνα_σχολείο_Ελλάδας,1076,4,4
843,3.1 uP Architecture Basics,1644,4,4
844,Άσκηση 2.2-Πόλεις και γεωγραφικά διαμερίσματα στα οποία ανήκουν-Γούναρης,1478,3,3
845,Environmental group_Energy,16378,7,7
846,York - Data,3114,16,16
847,Τα βουνά της Ελλάδας-Κόλλιας,1529,2,2
848,lams sequence ancient Egypt,7325,10,12
849,citizenship-Τηγάνης,1707,13,17
850,Ergasia 8_video_Asimakopoulou Katerina,4364,5,5
851,Glossa_3_gymnasiou-GF-ΓΡΑΨΕ,88,3,4
852,teliki_ergasia_Alexiou_Paraskevi,1421,8,8
853,stibos_04_final,1,8,8
854,Σχολική Διαρροή και ΔΒΜ,1982,8,10
855,Year 9 Conscription Debate,2142,12,21
856,PAPADAKIS_MARKEA_EIDH_TRIGVNWN,1619,11,11
857,tcpip in 24hours,7880,12,12
858,περιεκτικότητα επί τοις εκατό κ.β.,1596,5,8
859,Learning Design Pedagogies with ppt,12,12,12
860,εργασια β,3934,7,9
861,Logikes Pyles axilogisi 1,2006,2,2
862,K0202 The Forbidden Beach,9,13,13
863,if_elif3,1658,6,9
864,Stage 4 English - Acrostic Poetry,7225,13,15
865,ChristieGraceHomeSafety,6515,7,18
866,Alternate LAMS sequece,6209,11,14
867,Οι φυσικές λίμνες της Αιτωλοακαρνανίας - Παναγιώτης Παρασκευόπουλος,1655,5,5
868,IOS MON ILE,1510,4,4
869,Joey's ,4976,11,11
870,Fractions,13155,9,9
871,Cultural identity cyy,6161,13,30
872,Citizenship TAGKALAKH  EFH,1700,17,21
873,PMI Fish_17112010_1,172,5,5
874,politiki paideia A lyk.- Leoudi,1560,3,3
875,Glossa_3_gymnasiou-GF-ΑΝ-Απολυτο,88,3,3
876,PEC6,9249,10,10
877,Lesson 2 - LAMS Environments,1,3,10
878,legal studies,3205,11,11
879,Ancient India,5903,9,9
880,oddEvenSequence,4,3,7
881,gimp_layers,1,19,24
882,Δομές_Ελέγχου_Java,15937,17,21
883,MicroWorldsPro_2_επανάλαβε,3800,6,6
884,K0106 The Apple of Knowledge,9,15,15
885,Atomiko_A_13042014_1,1,15,16
886,power point,1479,7,7
887,Ασκηση2-2,1593,3,3
888,Citizenship,1525,17,21
889,Literacy Grammar and Creative Writing,5973,12,14
890,PBL,7568,8,8
891,Ιστορία-Τρωικός Πόλεμος 1,1468,8,8
892,Assignment 2,4772,17,17
893,MatterPriorKnowledge,3096,12,14
894,Exploring Song Lyrics,22,4,4
895,Stage 3 Nutrition Sequence,4728,14,20
896,ΙΣΤΟΡΙΑ Γ ΓΥΜΝΑΣΙΟΥ ΕΥΡΩΠΑΙΚΟΣ ΔΙΑΦΩΤΙΣΜΟΣ,4355,5,5
897,kazantzis_ergasia1_teliko,4368,6,6
898,Text Types,2178,10,24
899,ΚΟΥΜΠΑΡΟΥΛΗΣ,61,8,11
900,Versailles LAMS 3,22,14,46
901,Πυθαγόρειο Θεώρημα_ Μπουρσινού,1615,8,10
902,Δίκτυα υπολογιστών -Ελευθεριάδου Χρυσούλα,1496,12,12
903,Japanese Continuers - Topic 1,7299,11,13
904,Γωνίες - Α΄ Γυμνασίου,1986,6,6
905,Τα λουλούδια της ελπίδας Μαρία Κριθάρα,1549,13,13
906,Ασφάλεια στο Διαδίκτυο -  Συνέδριο ΠΕΚΑΠ 2015,384,7,19
907,music,3155,11,11
908,Γνωρίζω το σώμα μου και Αθλούμαι - Τσετίνη Αθηνά,1720,12,12
909,noteflight,5,1,1
910,Logo Δομή Επανάληψης,75,10,10
911,Writing a News Article,4763,18,23
912,Stage 2 Living vs Non-living,6351,11,13
913,my LAWS,7347,6,8
914,ramificaciones,492,6,10
915,government ,2146,17,17
916,Εκκλησιαστική Τέχνη,1700,9,9
917,Διατροφή2,1050,4,6
918,Δ-ΘΕ-ΔΟΜΗ ΕΠΙΛΟΓΗΣ,81,3,5
919,Τα βουνά της Ελλάδας ν.2  Κατσουλάκης,1523,3,3
920,εργονομια,4352,9,9
921,Evaluation,1076,2,2
922,LAMS Sequence draft 2 - Solar System,4823,8,13
923,PERSONALITY,1280,9,9
924,Ασφάλεια στο Διαδίκτυο - Ιδιωτικότητα - v1.1,1528,14,15
925,paragontopiisi_athanasopoylos,4415,7,7
926,Mesogeiakidiatrofi-Nakou,1616,11,11
927,Pyrexia of unknonw origin EXT,949,42,42
928,lams 1,7105,12,18
929,4 εποχες_ζήση_τροποποίηση,1650,7,9
930,ÃÔÔ_6_êáðÝëá_óêÝøçò,10,5,9
931,Η Ρύπανση του νερού,13073,12,14
932,αποδημητικά πουλιά στο νηπιαγωγείο!,1518,6,8
933,secuencia1,1,14,20
934,SEP - ΣΕΠ,5137,3,5
935,Scientific Report Writing ,5977,12,14
936,ΑΕΠΠ-Δομές Δεδομένων-Πίνακες,4362,8,10
937,Deutsch als Fremdsprache - 1. Stunde,1742,9,9
938,K0305 Ts in a Can,9,13,13
939,630,16483,10,10
940,Spartan Society - Role and Status of Women,6140,8,9
941,Η ΚΥΡΑ_ΣΑΡΑΚΟΣΤΗ_papanikolaouthalia,1651,5,5
942,Αθροίσματα μέχρι το 10,53,8,8
943,The Australian Legal System,1287,9,16
944,Η κρίση της εικονομαχίας διχάζει το Βυζάντιο.,1545,6,8
945,EDUC261 Introduction to Cells,4734,12,12
946,Tiffany's final,2185,10,16
947,ΠΟΛ. ΠΑΙΔΕΙΑ Α΄ΛΥΚΕΙΟΥ -ΚΕΦ.11,1698,5,5
948,LAMS sequence Assessment 1 Yr 10 Spanish Class,5961,10,16
949,Ο θησέας σκοτώνει το Μινώταυρο - Λιάγκας Σωτήρης,1562,6,6
950,Plague,6377,9,19
951,Τελική_Εργασία_Εξίσωση_ευθείας_Μπουρσινού,1615,11,11
952,SimplePresent diakladosh_Gaitanidou-ΤΡΟΠΟΠΟΙΗΣΗ,1452,6,10
953,Βουνά Ελλάδας,1552,2,2
954,K0308 The Astrologer,9,11,11
955,Task 2,5880,10,30
956,Lams Sequence 42121590,4975,9,11
957,Σύγκρινε και αντιπαραθέσου [Ομαδοσυνεργατικές Δραστηριότητες  - Template 2],17,8,8
958,SelectionSort,506,12,12
959,ΓΚΟΝΤΖΗΣ,56,4,4
960,ΕφΠληΑΛυκ_Κεφ6_v.01,7849,9,17
961,TELIKH ERGASIA MONAHISMOS-AGION OROS,1605,7,7
962,Sequence in process,7405,12,12
963,fakeloi_arxeia,3932,7,11
964,Δομές_Ελέγχου_Ροής_Σε_Java,7879,17,21
965,Citizenship_Parmaki,1656,17,21
966,Θερμότητα Στ Δημοτικού,1984,6,6
967,ΚΑΒΑΦΗΣ,469,15,15
968,K2(2.1) System and Application Software (new),7947,11,14
969,9. Εφαρμογές στο Joomla! 2.5,8,6,6
970,Weather test,1466,3,3
971,Alicia,4811,14,16
972,Family,3097,19,19
973,Εγγεγραμμένες γωνίες-Γιαννοκώστας- Τελική Εργασία 2,1469,17,20
974,Intelligence Nature or nurture,3430,13,15
975,Το ταξίδι της σταγόνας Κακαβούλα Σοφία,46,7,7
976,group grades,1390,3,9
977,Egypt LAMS,6208,7,9
978,Lesson 3,1,11,26
979,Diakladosi_pliroforisi_sep_ nvarsos,1042,6,8
980,Responsibility and Needs v2,5378,13,13
981,Nutrition and metabolism - PKU EXTERNAL,1034,16,17
982,οικ.οικονομια,1587,3,3
983,Οι 12 μήνες του χρόνου.,1516,4,4
984,Maths in English,18403,4,4
985,Leisure time and sports,1706,4,4
986,My_New_Template,7879,17,21
987,EDUC362 Lams,6333,4,4
988,peleki - saltaouras yliko,3802,6,8
989,Lams Sequence - Year 7 Music,4966,16,16
990,Windows Joomla,3787,4,4
991,lams sequence ass.,2173,9,9
992,Το περιβάλλον μάθησης του LAMS  (για μαθητές - νέους εκπαιδευόμενους),10,9,9
993,Educ 261 Evolution,5949,11,13
994,Ανακαλύπτοντας τον κόσμο με τουςθαλασσοπόρους,1572,9,9
995,το υλικο του υπολογιστή,1517,4,4
996,Personal Health Choices: Drugs,3079,13,13
997,καβαφης,1080,6,6
998,H AΡΧΑΙΑ ΣΠΑΡΤΗ,1553,8,8
999,“Citizenship” - τροποποιημένο -  Ζήση,1501,13,17
1000,Morsal Safi Lams,1429,5,5
1001,Δομή επανάληψης με το Scratch,1994,8,8
1002,Εφαπτομένη οξείας γωνίας 1,1804,23,23
1003,εργασια 1,17432,12,30
1004,kazantzis_diakladosi,4368,8,10
1005,Αλκοόλες,1456,13,29
1006,Μεθοδολογία Εκπαιδευτικής Έρευνας: Εισαγωγή,3467,7,7
1007,UNEMPLOYMENT PROJECT,1081,14,55
1008,Compare And Contrast,22,7,7
1009,Educ 261 - Foundation lesson for gender roles in Macbeth,6182,9,14
1010,Lecture 5 Sketching Potential,9,25,25
1011,Scratch Lesson 1,55,4,4
1012,Aidan Lams,7153,8,9
1013,While - Pascal,3796,5,5
1014,Ομαδική εργασία_10042014_1,1,13,13
1015,lamsnaturaldisasters,5525,8,22
1016,Γ_ZigZag_1_HotPotatoes,3800,13,13
1017,EDUC261 Irony,7148,12,37
1018,ME,5517,3,3
1019,Αρχαία Ελληνικά Γ΄ Λυκείου Πλάτωνος Πολιτεία,1656,3,3
1020,NETWORKS VASSILOPOULOS,4365,5,5
1021,Κλουκίνα Θεοδοσία «Η συμβολή του Θεμιστοκλή στην οριστική απομάκρυνση της περσικής επίθεσης»v2,59,10,10
1022,Environment in danger,1706,11,11
1023,LAMS Solar energy sequence,259,19,21
1024,ClimateChangeLesson,6306,9,10
1025,LAMS Sequence Task 2,3087,8,8
1026,SEISMOS,4384,9,9
1027,eu,1066,12,12
1028,LAMS,7235,11,11
1029,finale,1334,6,12
1030,teliki ergasia_chryssanthopoulou,1746,6,6
1031,LAMS ass,1333,11,15
1032,Operation Systems - Lymaraki,1570,3,3
1033,Moodle TKAMB task,5490,5,11
1034,respiratory_system_17012013_1,14156,14,15
1035,Τα Δάση,1435,10,10
1036,Geo wed 6th,7279,9,11
1037,ΔΙΚΤΥΑ Β_ΓΥΜΝΑΣΙΟΥ,3916,7,7
1038,Eucharist,1711,7,9
1039,Noticeboard-Flash-MP3_and_movie_players,307,2,2
1040,ΤΕΛΙΚΗ_ΕΡΓΑΣΙΑ_ΤΡΙΑΝΤΗΣ_ΧΡΗΣΤΟΣ,1714,14,14
1041,K0303 The Illusionist,9,13,13
1042,Progr_Problem_Req_1,3131,7,9
1043,Καταλυτικός μετατροπέας,73,6,10
1044,εργασία-κατσή,1522,3,3
1045,Oι νόμοι επισκέπτονται το Σωκράτη - KOINO,733,8,8
1046,ΜΥΚΗΝΑΙΟΙ_ΙΣΤΟΡΙΑ_Α_ΛΥΚΕΙΟΥ,1677,5,5
1047,EDUC261- 41763858-Improving our writing ,5333,18,21
1048,Serious_games_Education_Gamification,13201,15,15
1049,ΝΟΜΟΙ ΑΠΛΟΥ ΕΚΚΡΕΜΟΥΣ,1634,9,9
1050,Η ΕΠΟΧΗ ΤΟΥ ΠΕΡΙΚΛΗ,1418,3,3
1051,Stephanie Pakar_Turtle Conservation,2516,9,9
1052,Lauren Shirvington Features and functions of a flower,4974,11,17
1053,Gold - Moodle,4768,5,5
1054,crime vocabulary,1452,3,3
1055,BlackDeathUp,6377,9,19
1056,Stage 3 Music- Amelia Shaw,7558,10,16
1057,Έκθεση Γ' Λυκείου - Ανθρώπινα Δικαιώματα,13201,10,11
1058,derivative_function,4423,7,7
1059,Είδη Δικτύων και Βασικές Συσκευές Δικτύων2,1657,12,12
1060,0. Εισαγωγή  - Υλικό,8,3,3
1061,xDSL_27032013_1,1,9,13
1062,guided reiprocal peer questioning,1,6,8
1063,GreenV1,1487,3,3
1064,Laura Anschau_PDHPE Drugs,3189,13,13
1065,Άσκηση 10 Αθανασίου,1052,2,2
1066,LiquidsSolidsGasesSequence,7397,18,18
1067,ISTORIA_BALARI,1442,11,13
1068,teliko_texnologia_epikoinonion_xanthopoulou,4357,9,15
1069,Διαβάς εις Μακεδονίαν Βοήθησον Ημίν - Σχεδιασμός Πολυήμερης Εκδήλωσης -Κατασκήνωσης,1633,12,12
1070,Math_BLykeiou_Spanos_Ioannis,695,5,7
1071,Σταυροφορίες και περίοδος Λατινοκρατίας_Βελαώρα,1444,8,8
1072,Vanessa Sequence,2236,9,9
1073,Global warming,1320,12,12
1074,prostasia_ioi,4358,6,6
1075,dynami-5-Newton_1st_law-inertia-equilibrium,88,8,13
1076,My Place,5847,9,12
1077,Creative Writing Class,6321,20,34
1078,Year twelve LAMS,1704,10,19
1079,PBL Why is Sky Blue_02112010_1,172,8,8
1080,Geography Sequence,7519,7,9
1081,Η γλώσσα Pascal,1983,7,7
1082,The basics of Algorithms,1539,5,7
1083,Pascal_Test_8,1417,2,2
1084,functionsnew,10,18,20
1085,Ενσωμάτωση ασκήσεων hotpotatoes στο LAMS,4006,7,9
1086,yr 10 pdhpe,1307,12,17
1087,Social Constructivist Local Template,2811,5,5
1088,MultimediaApplications,13104,19,19
1089,Moral Values in Teacher Training1,295,8,20
1090,Συναρτήσεις στη ΓΛΩΣΣΑ,1612,7,7
1091,Glossa_3_gymnasiou-GF-OSO-2-ASK13,88,8,10
1092,Meeting at Night by Robert Browning,1300,14,18
1093,PELOPONNHSIAKOS POLEMOS,4371,7,7
1094,LAMS Sequence task,7554,10,10
1095,ASKHSH_2_2_KONTOGIANNH,1534,4,4
1096,yliko_HY_SM,1591,11,15
1097,Άνοιξη-Βροντινού,1451,6,6
1098,dynami-6-Newton 3 law,88,7,7
1099,LAMS sequence,7578,7,7
1100,Nikolakopoulos_Test_5',1067,3,3
1101,Biotechnology 1,4488,22,26
1102,webquest,109,11,11
1103,Kef3_(3.2)Hlektroniko Emporio,16378,9,9
1104,Αντιστάσεις,1432,8,8
1105,Ομοιότητα σχημάτων - Γ' Γυμνασίου,1610,11,11
1106,TEST 1,5848,13,21
1107,Βόλεϊ - Σερβίς από πάνω,260,4,6
1108,PERFEKT 2,803,13,25
1109,Non stop digital storytelling,172,8,14
1110,Archaeology LAMS sequence,5311,20,35
1111,Task 2 Educ261 British settlement and affects to ATSI People,5468,11,11
1112,Khairil Anwar Ramli - Global Warming,2572,10,12
1113,Ways to be Smart,9,5,5
1114,Μοναχισμός στην Ελλάδα,1599,4,4
1115,EDUC261_LAMS_TASK_MMoralesNogues_04.04.12,5006,11,19
1116,ΕφΠληΑΛυκ_Κεφ7.1_v.02,1,10,13
1117,animals in danger,1462,10,10
1118,Είδη δικτύων_Κρικέλη,1550,4,4
1119,MyTemplate,13104,11,11
1120,JavaClasses,13072,8,8
1121,Δίκτυα Υπολογιστών,1537,9,11
1122,ΙΣΤΟΡΙΑ_1Η_ΕΝΟΤΗΤΑ,1076,12,12
1123,kinisi-1,88,6,11
1124,video,5,2,2
1125,Δημιουργία  λογαριασμών μαθητών στο ΠΣΔ - Τμημάτων με μαθητές στο LAMS server του ΠΣΔ v2,26,3,3
1126,Fractured Fairy Tales,5767,9,12
1127,1.5.1-Αναβάθμιση_αποθηκευτικών_μέσων,9,4,4
1128,ΦΕ2-Λογισμικό Ομάδας,3788,7,7
1129,Imparfait (French),5913,13,23
1130,"Η ΠΟΛΗ ΜΑΣ , Η ΚΑΛΑΜΑΤΑ-ΕΥΓΕΝΙΑ ΒΑΜΒΑΚΑ-ΤΕΛΙΚΗ ΕΡΓΑΣΙΑ",1443,15,15
1131,η ελληνικη οικογενεια,1587,4,4
1132,Citizenship schi,1698,12,16
1133,WW2 Task,2127,12,12
1134,environmental health,10,20,33
1135,ΝΙΚΟΛΑΟΣ ΔΙΑΜΑΝΤΟΠΟΥΛΟΣ - ΦΑΣΗ Α&B,74,16,16
1136,Η μάχη του Μαραθώνα,1525,7,7
1137,PROBLEMAS DE ECUACIONES DE PRIMER GRADO,5826,9,9
1138,EDUC261 LAMS Sequence Jonathan Ayling (42493382),14454,5,23
1139,PBL - Christianity and Pacifism,8,7,7
1140,Math lesson,7159,20,24
1141,Kefalaio11eos16,2083,6,6
1142,Shaun Tan - The Arrival FINAL,35,11,12
1143,"ΕΠΑΝΑΛΗΨΗ ΙΣΤΟΡΙΑΣ Γ' ΓΥΜΝΑΣΙΟΥ, ΚΕΦΑΛΑΙΑ 6-10, ΛΑΔΙΑΣ ΑΡΙΣΤΕΙΔΗΣ",1556,6,6
1144,2o Κεφαλαιο πληροφορικη Α γυμνασιου,1517,3,3
1145,Lams Claire,3134,8,13
1146,Σχέδιο Μαθήματος 1,2,7,7
1147,Άσκηση 2.2 - Κουκά,1537,3,3
1148,Η ελληνική σημαία-Μαρία Κριθάρα,1549,4,4
1149,Gestão teste IV,11049,9,9
1150,EDUC362,6576,15,20
1151,ΜΙΚΡΟΥΠΟΛΟΓΙΣΤΗΣ ΑΥΤΟΚΙΜΗΤΟΥ,1621,5,5
1152,2.2.7.4_Domi Epanalipsis Gia apo mexri me bima,16378,10,14
1153,ΦΥΛΛΟ ΔΡΑΣΤΗΡΙΟΤΗΤΑΣ 8 ΕΝΣΩΜΑΤΩΣΗ ΒΙΝΤΕΟ ΓΕΩΡΓΙΟΥ,3941,6,6
1154,Ασκηση 2.2 συγγραφη 1ης ακολουθιας-Μαρία Γιαμουρίδου,1467,4,4
1155,LAMS 2.2-b DESPINA Stefanidou,1695,3,3
1156,EDUC362 Lams2,6333,6,6
1157,ZZZZ,13205,28,30
1158,Τα βουνά της Ελλάδας - Κουτσουρά,1545,3,3
1159,diagonisma_gtaxi_zavitsanou_maria,3923,5,5
1160,treisierarxes,1505,4,4
1161,Exploring Song Lyrics Modified,1542,6,6
1162,Τελική _Εργασία_Κρικέλη,1550,13,13
1163,oikosisthmata_elladas_to-Vlachos,1046,13,13
1164,KURO SIVO Νίκος Καββαδίας,1613,6,6
1165,Ανάληψη ρόλων,10,8,18
1166,ΕφΠληΑΛυκ_Κεφ7.1_v.01,1,9,12
1167,Anaptiksi programmatwn PLC me xronikes leitourgies (Ladder),1051,7,15
1168,Excel_Ασκηση_1_OXI SERVER-new-test,88,5,8
1169,English.,7230,11,21
1170,logismiko A gym,1071,3,3
1171,ΦΕ Αλγόριθμοι,4380,4,4
1172,olivia1,5759,10,10
1173,Task 2,5416,13,21
1174,Διαφορετικοί αλλά ίσοι!,1977,16,20
1175,LAMS Sequence Lesson plan,2229,12,12
1176,Ergasia video2 _ Barla,4371,6,6
1177,polimesa_ergasia1_triantou_tropopoihmenh,1728,9,9
1178,Glossa_3_gymnasiou-GF-GIA,1612,10,10
1179,Εισαγωγή στη LOGO,10,10,16
1180,How to make your first website_Final,1,10,10
1181,Enzymes,7403,9,11
1182,Kef4_(4.2)Koinwnikes Epiptwseis apo tis ekselikseis tis Pliroforikis,16378,9,9
1183,Mediterranean Sea GR v2,35,11,12
1184,Networks_Tsatsoulis_video,4362,15,17
1185,nutrition2,18413,10,10
1186,ClassifyingAnimals,3152,11,16
1187,teaching sequence,4821,9,17
1188,safe_internet,9,6,6
1189,Κατοπτρική ανάκλαση και διάχυση,1494,6,6
1190,Εργονομία-GR_v2_Α_Γυμνασίου_Κ3,26,23,30
1191,Google Gadgets_12092008_1,8,2,2
1192,GMF-alternat_conc,10,11,11
1193,round table,1,5,7
1194,ΕΓΓΕΓΡΑΜΜΕΝΕΣ ΓΩΝΙΕΣ- ΓΙΑΝΝΟΚΩΣΤΑΣ -ΤΕΛΙΚΗ ΕΡΓΑΣΙΑ,1469,15,17
1195,Ηλεκτρικό ρεύμα - Μπεζαΐτη Βασιλική,1603,3,3
1196,Futur Simple_Διπλάρη,57,28,28
1197,leitourgika1,2083,9,9
1198,Λατινικά -Αλεξοπούλου,1422,4,4
1199,Thermochemistry,187,7,7
1200,Ανακύκλωση στο νηπιαγωγείο ,1501,23,27
1201,Living vs. Non-Living,7315,10,10
1202,Η ΚΥΡΑ_ΣΑΡΑΚΟΣΤΗ_papanikolaouthalia,1969,9,9
1203,Food Chain,5127,14,18
1204,αναπαράσταση πληροφορίας(ψηφιακός κόσμος)-V. Gournelou,3917,8,8
1205,Open Questions Template,10,7,7
1206,TA  M.M.E,1477,24,26
1207,ANTARCTICA,1296,11,13
1208,pascal_1,37,2,2
1209,"Lams Assingment for Italian HSC Continuers, Roberto Amici",7185,10,10
1210,TE_K16,1052,5,5
1211,K0107 The Mushroom Effect,9,15,15
1212,TemplatePOE,506,11,11
1213,Άσκηση2_2_Σπυριδάκου,1686,4,4
1214,Τελική εργασία-Πελέκη,1661,4,4
1215,Who Scuttled the Symphony - LAMS Assessment Anthony Fennell - English Stage 3,3151,16,16
1216,Our Solar System_Γκόβαρη,1474,11,11
1217,One minute papers,1,3,3
1218,viziinos,4422,9,9
1219,GNWRIMIA_ME_TO_DADIKTYO,3797,7,7
1220,ΑΣΚΗΣΗ 2.2  ΕΡΩΤΗΣΕΙΣ ΣΟΥΣ ΝΟΜΟΥΣ ΤΟΥ ΑΠΛΟΥ ΕΚΚΡΕΜΟΥΣ,1634,3,3
1221,Programmatistika Periballonta,4354,8,8
1222,Λογισμικό υπολογιστή - Φύλλο εργασίας,4364,7,7
1223,4th..,15898,6,6
1224,Δραστηριότητα-ασκηση 10,1,1,1
1225,Practice LAMs,270,11,11
1226,GNWRIMIA_ME_TO_INTERNET_ME_VIDEO_PANAGIOTOPOULOU,3797,8,8
1227,Άσκηση 2.2.Σαλωνίκη,1673,5,5
1228,Erg2_Cholevas,3761,5,5
1229,MUSIC 1 ANALYSIS LAMS ,3132,7,7
1230,LAMS EDUC261 Assignment,6305,10,15
1231,ΒΑΣΙΚΕΣ ΕΝΝΟΙΕΣ ΤΕΧΝΟΛΟΓΙΑ Β΄,1639,10,14
1232,LAN_topology_07072012_1_08072012_1_08072012_1_16072012_1,1,8,8
1233,2.2,1491,3,3
1234,ΠΡΟΓΡΑΜΜΑΤΙΣΜΟΣ PLC ΜΕ ΓΛΩΣΣΑ LADDER,1603,5,5
1235,the human boat exercise,3086,7,9
1236,polymesa_b_gymnasiouV2,3929,6,6
1237,LAMS Stage 4 Music Notation,3180,9,9
1238,Logo - skakiera,88,4,4
1239,Σχήματα 2-Τσαγκαλίδου,1715,4,4
1240,Γνωριμία με το διαδίκτυο_new,1736,12,12
1241,Test_Screens_Agelos_Titis,8,2,2
1242,Kinetic of reaction,187,6,6
1243,Scratch Lesson 2,55,4,4
1244,reading LAMs,4827,13,13
1245,Painting,5,2,2
1246,omoiotita_athanasopoulos,4415,8,8
1247,Κεφ 7  Προστασία Λογισμικού - Ιοί,11,10,13
1248,Task2 V2,4769,7,41
1249,scenario logo,7565,42,44
1250,Draft one,7122,9,11
1251,μαθημα 1ο,1735,13,15
1252,EconomicsTopic3FactorsAffectingDemand,5927,16,28
1253,Ηλεκτρονικό Ταχυδρομείο,1,7,7
1254,EDUC261 Sequence - Expressing Likes and Dislikes about Food in French,6349,6,8
1255,Deforestation,3123,12,14
1256,Middle East Simulation,539,12,28
1257,test_isotita_trigonwn_niforos,1619,3,3
1258,Η Ιστορία της Πληροφορίας και της Πληροφορικής,3410,9,10
1259,SWOT Analysis,1,6,20
1260,Η πρώτη μου ακολουθία-ΠελέκηΒ,1661,4,4
1261,Ασκήση2.2 Γκογκόσης ,1475,3,3
1262,EDUC362 Lams3,6333,3,3
1263,JC,2179,18,18
1264,Παράδειγμα εφαρμογής Brainstorming - Σύννεφο (Cloud),1,5,7
1265,Our Australia,2145,16,16
1266,LAMS Alexandra McAlister,7288,10,20
1267,malatou_ergasia8_video,4427,5,5
1268,Lesson 2,1,8,14
1269,Papadiamantis_manikarou,4353,11,13
1270,Daily Routines,7515,6,6
1271,Αρχαϊκή εποχή,1710,3,3
1272,Adjectives - Comparative and Superlative,1708,11,11
1273,EDUC261 Year 3 Maths Multiplication Lesson,7226,15,15
1274,ERGASIA 1 EYROPAIKOS DIAFOTISMOS Aikaterini Asimakopoulou,4364,6,6
1275,Natural Disasters stage 3,5951,10,22
1276,Recognize the NEED for DATA,441,5,5
1277,Αλγεβρα Boole,2006,4,4
1278,K0208 Snakes Alive,9,11,11
1279,Οι νομοί της Θεσσαλίας - Αυγέρου Παναγιώτα,1440,3,3
1280,Lams Assignment Draft 3,7285,13,19
1281,lams1,3162,13,16
1282,K0103 The Lunar Menace,9,18,18
1283,Globalisation,1274,12,14
1284,SUSHITRAIN,5515,9,33
1285,Πρωτεύουσες κρατών-Παππάς - Καρπούζα(προσθήκη),1520,3,3
1286,K0206 The Diamond Deception,9,11,11
1287,LAMS,5923,9,19
1288,Ημίτονο-Συνημίτονο,1804,19,19
1289,Βόλεϊ - Σερβίς από πάνω_06032013_1_Βασιλική Αντωνίου,4379,5,7
1290,Απορρίμματα,1606,4,4
1291,2. Εγκατάσταση Joomla! στο ΠΣΔ,3,3,3
1292,E-mail,1686,7,7
1293,ionization,335,8,8
1294,PDHPE LAMS Sequence,3102,17,17
1295,War World II - SoftChalk,5,2,2
1296,Τα βουνά της Ελλάδας  v2 – ΑΠΟΣΤΟΛΟΣ ΒΕΤΣΟΠΟΥΛΟΣ,1447,3,3
1297,Glossa_3_gymnasiou-GF-ΑΝ-Βαθμολογια,88,3,3
1298,Citizenship-Nakou,1616,17,21
1299,ΜΠΑΣΚΕΤ ΒΑΣΙΛΙΚΗ ΑΝΤΩΝΙΟΥ,4379,10,10
1300,CandS V1,172,5,5
1301,ΔΙΩΓΜΟΙ,1605,6,6
1302,Γεωγραφικές συντεταγμένες,1735,3,3
1303,Template-Game,5095,14,18
1304,Excel-functions-IF,88,9,9
1305,PBL Template,10,10,10
1306,Final LAMS Sequence ,3171,14,14
1307,LAMS - Final Year2 History,6164,6,8
1308,Συνδεσμολογία λαμπτήρων σε σειρά,1494,11,12
1309,Εποχές (2ο),1609,12,12
1310,yahoo_email,16483,11,13
1311,focused listing,1,7,11
1312,Test Lams,7249,15,20
1313,ΤΕΛΙΚΗ ΕΡΓΑΣΙΑ ΤΑΝΤΖΟΠΟΥΛΟΥ ΣΟΦΙΑ,1702,6,6
1314,Μινωικός και Μυκηναϊκός πολιτισμός,1682,13,13
1315,projecte_Bel_Miralles,81,17,17
1316,Η ΙΔΡΥΣΗ ΤΗΣ ΚΩΝΣΤΑΝΤΙΝΟΥΠΟΛΗΣ,71,5,5
1317,Pinakas_Rapti,696,6,6
1318,Είδη Τριγώνων _Andresakis,1425,9,9
1319,ΑΤΜΟΣΦΑΙΡΙΚΗ ΠΙΕΣΗ,4384,13,13
1320,Οικονομάκος_Ηλίας_Α_τάξη_Γυμνασ_κεφ12_Παγκοσμιος_Ιστός_Εισαγωση_Υπερκείμενο,436,5,7
1321,sintirish_HY_varras,4350,6,6
1322,enallakt_ennoi_vote,10,8,8
1323,07_bec_yeoh_261_music(final),206,8,8
1324,ΑΡΧΑΙΑ ΕΛΛΗΝΙΚΑ Γ΄ ΓΥΜΝΑΣΙΟΥ-ΠΑΠΑΘΑΝΑΣΟΠΟΥΛΟΥ,1646,3,3
1325,Nero-Pigi Zwis-nea,1606,12,14
1326,MATTHEWMCDOWELLEDUC262FINAL,5892,11,11
1327,Solving Travel Problems: Commerce,5338,10,25
1328,Bullying,5784,16,26
1329,geo seq 2_26032011_1,3147,11,11
1330,FE_8_Ensomatosi_Video_Pratsoli,4373,6,6
1331,Ασκήσεις αλκενίων-αλκινίων,1596,4,4
1332,The tired patient EXTERNAL,949,26,32
1333,think pair share,1,9,13
1334,EDUC261 LAMS Sequence ,5429,13,13
1335,Διαγώνισμα Γεωγραφίας Α Γυμν,13,2,2
1336,LAMS assignment ,3161,12,12
1337,lams 2,2165,14,18
1338,Embedding raptivity,11,1,1
1339,CAF V1,172,4,4
1340,ΦΕ1 Λογισμικό,4381,5,5
1341,LAMS assignment- healthy lifestyle,1322,14,16
1342,lam- drug use- pdhpe,1438,8,8
1343,research,1,10,20
1344,Γ-ΘΕ-Αλγοριθμική Δομή Ακολουθίας,81,4,4
1345,MATHEMATICS,2195,8,8
1346,arapogiannis-toli-variables,1972,8,10
1347,Citizenship 2,1489,13,17
1348,INTERCULTURAL COMPETENCE,50,14,16
1349,mariaioannou_fe1,4452,6,8
1350,Recycle - Stage 2. LAM sequence,3156,9,9
1351,Multimedia_B_Gymnasium,9475,22,26
1352,InteractiveWhiteboardAdoptionRolePlay2.1-GroupBranch,381,13,25
1353,Creative Writing LAMS Sequence,7132,9,21
1354,Treffen 2 y 3,399,7,7
1355,"Μυκηναϊκός Πολιτισμός, Ιστορία Α  Λυκείου, μάθημα επανάληψης",1418,9,9
1356,Κλασική Αθήνα,1682,5,5
1357,jigsawII,1,10,14
1358,Historical sources,6348,9,13
1359,Diktya HY,1,11,13
1360,How Learning Happens,9,16,16
1361,LAMS Assessment,7345,4,14
1362,Fractions Lams Sequence,2194,9,12
1363,polymesa_b_gymnasiou,3929,14,14
1364,O ΠΕΡΣΙΚΟΣ ΚΙΝΔΥΝΟΣ - Η μάχη του Μαραθώνα Φερτάκης Αθανάσιος,54,3,3
1365,Ενότητα Εγκέφαλος 2ο Μάθημα Επιδράσεις στη λειτουργία του εγκεφάλου,1803,8,8
1366,M_B Powe I_O,3787,7,11
1367,three step interview,1,6,10
1368,Sustainability,5995,7,9
1369,SxedioErgElia_Cholevas,3761,5,5
1370,Preaching in Acts,22,7,7
1371,Δίκτυα ΗΥ,3787,5,9
1372,Κατηγορίες Λογισμικού,1657,3,3
1373,EDUC261- InfoTech Final,5542,8,8
1374,ΚΑΒΒΑΔΙΑΣ ΝΙΚΟΣ 1,469,18,22
1375,THAT'S WHAT FRIENDS ARE FOR,1467,10,13
1376,fe1_greeklish_koufou_vid,4421,9,9
1377,fractionsdraftseq,1074,14,18
1378,Math lesson,7159,11,15
1379,αναπαράσταση πληροφορίας(bit-byte-ASCII)με διακλάδωση-V.Gournelou,3917,8,14
1380,languages,5297,13,17
1381,07_abdullah_aini_261_looking for a rain god,204,12,12
1382,Citizenship Λιάγκας,1562,13,17
1383,LAMSSequence15312,4724,15,16
1384,PAQUES TRIANTAFYLLOU TELIKH ERGASIA,1712,8,8
1385,Τελική εργασία -Οι θεοί του Ολύμπου- Λουκοπούλου Μαρία,1567,8,10
1386,Coding and digital storytelling,7237,10,10
1387,ΔΙΚΤΥΑ ΥΠΟΛΟΓΙΣΤΩΝ,1377,19,23
1388,DB_bibliothiki,88,18,18
1389,PHIL137,5932,15,15
1390,sally,7577,12,14
1391,Assessment FINAL,6372,11,11
1392,PrBL Template -  Υπόδειγμα Σχέδιου Μαθήματος,1,15,22
1393,Δίκτυα Ηλεκτρονικών Υπολογιστών 2,1065,9,12
1394,My Lams Sequence,7180,7,9
1395,ergasia_2_Bekouli,4355,11,13
1396,Celebrations Stage 1 L.Anthony,5320,13,14
1397,PLHR_G_gymansioy_E1K1P2_7_revised,1611,6,8
1398,Η καρδιά -Τσετίνη Αθηνά,1720,3,3
1399,Καλές πρακτικές στις Παρουσιάσεις,3799,10,10
1400,Los palos del flamenco,2221,8,32
1401,bizyinos.maniou,4381,12,12
1402,H Gh ws ouranio swma_tropopoihtikh_,1440,3,3
1403,RECOUNT ,5324,10,17
1404,Διαδίκτυο_ΦΔ8,4354,6,6
1405,team expectations,1,5,5
1406,isotita_trigwnwn_niforos_telikh,1619,11,11
1407,Investigating History,3056,7,9
1408,Kef8_(8.1)Epikoinwnia kai Diktya Ypologistwn ,16378,9,9
1409,Βασικές Λογικές Πύλες (2),60,18,30
1410,Θουκυδίδη 3 74,1572,11,11
1411,meli,4426,6,6
1412,Logikes Pyles axilogisi 1,1644,2,2
1413,ΚΑΒΑΦΗΣ_13022013_3 ΜΠΕΚΟΥΛΗ ,1710,11,11
1414,To eswteriko tou upologisti,1105,9,9
1415,my lams sequence,1299,13,13
1416,Hamlet LAMS Sequence by Cameron Croese,7136,4,14
1417,EmmaShuttleworth Lams sequence,3050,20,20
1418,ΠΡΟΣΤΑΣΙΑ ΤΟΥ ΠΕΡΙΒΑΛΛΟΝΤΟΣ Ο ΝΟΜΟΣ ΤΟΥ ΘΕΟΥ ΚΑΙ ΟΙ ΝΟΜΟΙ ΤΩΝ ΑΝΘΡΩΠΩΝ,2578,28,44
1419,Oktoberfest,1631,3,3
1420,Μάχη των Θερμοπυλών_Φραντζή Π.,70,8,8
1421,Rocketry,11206,12,19
1422,assignment 2,5455,10,18
1423,layers_text,1,17,22
1424,Pac 6 disseny,16152,18,18
1425,citizenship-Lymaraki,1570,15,19
1426,Γνωριμία με το Lams - Εισαγωγή,2085,4,4
1427,draft1,3143,15,16
1428,EDUC261 Year 7 English Poetry Sequence ,5481,13,17
1429,Κακόβουλο Λογισμικό_Α_Γυμνασίου_Κεφ7,3916,11,19
1430,Changing the size 2,11,10,33
1431,Modern History,2206,8,8
1432,WebQuest,8184,8,16
1433,EDUC362 LAMS Task,7138,13,16
1434,Η ΕΛΛΗΝΙΚΗ ΣΗΜΑΙΑ- ΕΥΓΕΝΙΑ ΒΑΜΒΑΚΑ,1443,5,5
1435,test 5,1061,1,1
1436,GERM-101 Lectures 1-3,9,19,30
1437,Τα μέρη του σώματος,1453,3,3
1438,PDHPE,1091,10,12
1439,KrisKopychynski_Task2,7074,14,24
1440,TEST1,1643,4,4
1441,thanos,15002,10,11
1442,quizQ2,335,3,3
1443,Θρησκευτικά Β Γυμνασίου - Η εικόνα της Παναγίας v2,78,4,4
1444,Μάθημα 4ο τελικό,1735,14,16
1445,FINAL - LAMS ASSESSMENT TASK EDUC261 Sharmaine Spencer - HSC Legal Studies - Sentencing and Punishment. ,6202,14,14
1446,x-rays,335,10,10
1447,summer holidays,18412,6,6
1448,ΓΙΩΡΓΟΣ ΣΕΦΕΡΗΣ,469,14,16
1449,optics1,88,13,17
1450,Ιστορία Γ΄λυκείου - Καλλιακώστα Φιλλία,1507,4,4
1451,Antarctica,228,24,28
1452,ΔΟΜΗ ΤΗΣ ΓΗΣ_ΨΑΡΟΠΟΥΛΟΣ,1747,3,3
1453,LAMS SEQ- FINAL Aylin IlkerTask2,5336,9,10
1454,επανάληψη,3500,7,7
1455,Autoconocimiento y personalidad_2,497,5,41
1456,Reading for Understanding L3,9,12,12
1457,LAMS task - stage3english - Erin Falson,6339,9,22
1458,Danny- The Jet- Becker,1585,6,6
1459,SOLOMOS_ZIG_ZAG,4359,14,14
1460,LAMS,7338,18,26
1461,safe sex negotiator,286,9,11
1462,Citizenship,1714,17,21
1463,K0201 Raining Fish and Frogs,9,15,15
1464,Έργο_Ενέργεια_Β_Γυμ,1497,15,19
1465,Smoking,2164,17,18
1466,ERGASIA2_ALGORITHMOI,4380,9,10
1467,Moral Values in Christian Teacher Training,295,9,21
1468,Δίκτυα Υπολογιστών - Β' Γυμνασίου (ΤΕΛΙΚΗ ΕΡΓΑΣΙΑ),1696,10,10
1469,Vikings,5909,11,17
1470,The Sun,3110,16,18
1471,jen's lams sequence 1,1317,15,17
1472,LatestLesson,8184,16,24
1473,Υλικό του Υπολογιστή (επανάληψη),1059,17,39
1474,Υπόδειγμα Σχεδίου Μαθήματος 1 (Μικτή Μάθηση),10,6,6
1475,Θερμότητα Στ Δημοτικού,1503,5,5
1476,Sequence2,7555,8,17
1477,Άσκηση2β_Ξυγκά,1056,3,3
1478,Assignment,5443,11,21
1479,RV - Solar System,5465,14,21
1480,Sxediasmow programmatos P.E,4424,7,9
1481,AndyLAMS,1077,16,18
1482,Lesson 3 - LAMS Activities,1,7,30
1483,Five Hats - Basic,1,5,9
1484,Άσκηση11_Διαφοροποιημένη_Εκτυπωτές,694,9,12
1485,Το εσωτερικό του υπολογιστή(Cpu - Ram)-Παναγιώτης Ψωμάς,11725,6,6
1486,Τα βουνά της Ελλάδας - Λιάγκας,1562,2,2
1487,Living World- Adaptations ,7304,9,11
1488,"ελληνική οικογένεια, Κουτσουρά Ζωή",1545,4,4
1489,Under the Sea FINAL,5485,7,11
1490,Συγγραφή πρώτης ακολουθίας στο Lams-Σχισμένου,1698,3,3
1491,Scientific Heroes,8,5,6
1492,LAMS_Assignment,2156,10,10
1493,Year 7 Probability,5934,13,13
1494,task2 Done,5872,16,40
1495,Learning about the discovery of GOLD,5305,17,17
1496,Lams assessment draft,3061,7,7
1497,ΔΙΑΤΡΟΦΗ ΚΑΙ ΥΓΕΙΑ,4425,8,14
1498,lams new,1298,12,18
1499,Τα νησιά της Ελλάδας- γεωγραφία Ε΄ δημοτικού,1468,5,5
1500,Antarctica: Investigating the Ice,5475,9,9
1501,Natasha Craig Year 7 English- Shakespeare Introduction,1709,7,9
1502,Φυτά1.1_2014_τροποποιημένο,1628,5,5
1503,ΔΟΜΗ ΕΠΑΝΑΛΗΨΗΣ LOGO Γ ΓΥΜΝΑΣΙΟΥ,1517,6,6
1504,Modern History Source Analysis,3176,9,9
1505,OLD STONE AGE,7566,12,16
1506,Glossa_3_gymnasiou-GF-OSO-1,88,8,10
1507,Παλαιά Διαθήκη,1605,3,3
1508,τελική εργασία-Τσικαλοπούλου Μαρία-Παυλίδου Σοφία,1722,6,6
1509,Rainforests Year 6 ,5377,13,22
1510,ΤΕΛΙΚΗ ΕΡΓΑΣΙΑ,3798,8,8
1511,Τα δόντια μας-Βροντινού Κ.,1451,3,3
1512,our_template,1,11,13
1513,Seq_HW_1,9,11,11
1514,Nero-Pigi Zwis,4530,12,14
1515,MEMORY,1,9,19
1516,LAMS Assignment Legit,5834,9,15
1517,Κεφάλαιο 12_Παγκόσμιος Ιστός (2η έκδοση),1060,3,9
1518,dynami-1,88,7,7
1519,K0203 The Game of Death,9,13,13
1520,Κίνδυνοι στο facebook,1445,8,8
1521,Τελική εργασία,1548,7,7
1522,group investigation,1,11,17
1523,task1,7140,11,11
1524,Developing Scenario Learning - Education,295,13,13
1525,ΤΕΛΙΚΗ ΕΡΓΑΣΙΑ Ανανεώσιμες και μη πηγές ενέργειας Παλάνης Θανάσης,1628,9,11
1526,ΠΙΕΣΗ Β ΓΥΜΝΑΣΙΟΥ,4384,11,11
1527,Ηλεκτρονικό Ταχυδρομείο,3941,15,19
1528,Going to the movies_Nanopoulou,1075,11,11
1529,Climate change (Κλιματική Αλλαγή),10,8,8
1530,Μεσογειακή Διατροφή,35,5,5
1531,Istorikh_Exelixh_PLC,2457,4,4
1532,Δειγματοληψία,1644,12,17
1533,Τελική εργασία- ΣΤΑΘΕΡΕΣ ΚΑΙ ΜΕΤΑΒΛΗΤΕΣ ΣΤΗΝ ΕΡΕΥΝΗΤΙΚΗ ΟΡΟΛΟΓΙΑ - ΠΑΠΑΔΟΓΙΑΝΝΑΚΗ,1639,10,10
1534,Κατερίνα Νικολακοπούλου-Η μάχη των Θερμοπυλών,48,5,7
1535,Society and Culture Preliminary - Intercultural Communication - Cultural Iceberg Exploration,7267,7,8
1536,Information Report,5306,17,24
1537,marketing,6179,13,25
1538,Ε-ΘΕ-ΑΕΠΠ-ΠΟΛΛΑΠΛΗ ΕΠΙΛΟΓΗ,81,3,5
1539,Task 2 Types of Employment,5423,6,6
1540,K0205 The Philosopher's Stone,9,13,13
1541,ΔΙΕΘΝΕΣ ΣΥΣΤΗΜΑ ΜΟΝΑΔΩΝ,1743,6,6
1542,HIS1-EDUC261,5965,5,5
1543,TELIKH ERGASIA,1500,20,20
1544,Religion in Pompeii and Herculaneum,5881,14,15
1545,La Vita e Bella worksheet,1557,4,4
1546,Η ΑΞΙΑ ΤΗΣ ΔΙΑ ΒΙΟΥ ΑΣΚΗΣΗΣ 3 Αντωνίου Βασιλική!,4379,10,12
1547,Phantom,2569,18,20
1548,LAMS assignment,5533,7,15
1549,Sustainability,7239,16,16
1550,Geography Planet Earth Design,5558,9,9
1551,Role Play Template - Two roles,10,12,18
1552,Στοιχειομετρία-τελική εργασία-Ασπρογέρακας,1439,10,10
1553,Η ΦΥΣΙΚΗ ΑΓΩΓΗ ΣΤΟ ΧΡΟΝΟ,1061,6,9
1554,Είδη γωνιών,1420,8,8
1555,Τρεις Ιεράρχες 1,1489,6,6
1556,ChristoforosHadjichristoforou_template_09042014,7848,14,16
1557,EDUC261 addition and subtraction,7272,11,13
1558,Εποχές (2ο),1477,11,11
1559,Educ261-41318366- Passing of the bill,5335,9,16
1560,Ασκηση2_2,1542,3,3
1561,digital_natives_new BBB,1457,17,19
1562,Μια μέρα του βασιλιά Λουδοβίκου XIV_Σοφία Αργυροπούλου ,1436,11,11
1563,μέτρηση pH,1552,5,5
1564,Educ107 creative response,5949,7,7
1565,Ο Φρίξος και το παιδί με το ποδήλατο. ΚΓΛ,1625,3,3
1566,Research,886,15,15
1567,Writing a CV,5001,12,16
1568,Tommy,2140,12,17
1569,Se avete mai stipulato un contratto,12,13,15
1570,Ubuntu Joomla,3787,3,3
1571,GREEK ARTICLES,1625,9,9
1572,φυσικές καταστροφές,1735,4,4
1573,business studies lams,5415,9,11
1574,Ατομικά πρότυπα,335,8,8
1575,GMF-altern_conc_vote,10,15,15
